Item,Level of crime,Crime increasing in the past 3 years,Worries home broken and things stolen,Worries being mugged or robbed,Worries car stolen,Worries things from car stolen,Worries attacked,Worries being insulted,"Worries being subject to a physical attack because of your skin color, ethnic origin, gender or religion",Problem people using or dealing drugs,Problem property crimes such as vandalism and theft,Problem violent crimes such as assault and armed robbery,Problem corruption and bribery
Tokyo,19.91,43.86,19.94,20.02,17.37,18.95,22.51,26.36,24.23,23.63,22.51,20.76,28.94
Jakarta,54.61,56.42,48.71,56.93,46.76,54.13,45.79,45.62,43.83,52.31,59.72,48.77,84.39
Delhi,68.58,67.13,54.55,57.62,56.67,58.33,56.64,53.55,39.79,47.79,59.52,57.64,82.27
Mumbai,46.47,52.56,39.64,40.3,38.46,44.47,38.24,39.73,29.62,41.72,47.68,39.02,75.57
Manila,73.28,61.67,61.09,67.98,59.67,62.01,61.43,54.67,39.58,70.57,71.04,70.34,82.31
Shanghai,30.27,50.56,32.77,32.18,31.19,33.88,29.53,35.27,30.27,33.27,39.63,30.34,59.85
Sao-Paulo,83.51,71.55,54.83,78.95,71.33,73.49,56.92,44.71,27.66,74.28,77.95,84.34,90.92
Seoul,25.15,48.21,23.07,22.76,19.42,21.64,26.91,29.92,26.48,21.39,25.43,24.43,34.42
Mexico-City,79.45,81.42,59.07,76.68,66.57,69.7,63.06,51.49,28.57,69.18,74.72,80.69,89.18
Guangzhou,36.22,51.57,37.01,38.79,35.55,42.04,36.5,43.33,35.87,35.87,42.91,33.27,56.72
Beijing,29.57,47.54,32.46,30.52,29.62,34.75,31.66,37.78,28.65,31.32,38.67,29.45,59.1
New-York,49.94,53.54,39.09,46.17,37.78,47.15,44.25,52.67,35.7,58.78,55.03,49.69,53.97
Kolkata,52.23,64.28,44.69,45.04,42.15,46.08,42.75,47.21,26.2,36.63,51.95,46.57,79.73
Moscow,37.86,41.86,28.95,32.87,34.54,41.15,38.61,39.06,30.52,38.7,44.89,31.45,73.94
Bangkok,42.27,58.6,39.63,38.44,31.22,36.28,32.56,30.58,20.12,53.29,43.2,39.6,83.51
Buenos-Aires,74.33,75.62,53.97,71.58,57.97,65.52,55.81,42.75,15.41,62.55,69.89,72.45,87.68
Shenzhen,29.91,42.23,27.06,30.93,27.8,32.78,29.2,33.0,25.25,32.18,35.39,27.54,56.82
Dhaka,73.61,69.96,59.87,69.26,62.43,60.79,58.84,57.18,36.26,64.94,66.92,61.38,89.33
Lagos,69.92,60.05,62.23,68.27,60.25,66.22,60.62,58.2,47.8,64.27,69.72,72.83,87.57
Istanbul,51.37,68.52,43.52,45.29,32.78,44.45,47.89,49.8,32.19,42.7,46.26,41.0,69.72
Osaka,27.08,48.0,29.28,25.74,23.34,26.09,29.91,35.51,32.5,29.64,31.56,27.1,34.64
Karachi,62.31,37.15,45.31,62.15,51.88,53.95,44.48,37.08,29.39,51.65,58.33,63.09,79.99
Bangalore,56.2,66.53,50.08,54.26,48.82,52.54,53.0,52.64,42.83,49.01,56.23,50.93,80.21
Tehran,57.81,73.85,47.78,56.19,59.33,72.76,46.17,47.55,21.1,63.36,55.87,42.07,78.23
Kinshasa,84.38,73.33,78.12,82.81,59.38,76.56,73.44,66.67,53.33,51.56,81.25,73.44,93.75
Ho-Chi-Minh-City,55.15,64.96,59.09,62.57,51.51,57.83,46.25,43.65,24.18,54.73,62.18,48.9,80.77
Los-Angeles,55.47,56.32,43.07,42.53,43.6,52.39,42.77,45.52,32.07,60.78,57.14,50.6,49.54
Rio-De-Janeiro,90.41,81.31,57.66,86.72,77.57,76.61,70.98,55.96,40.25,82.54,80.57,90.22,92.86
Chennai,40.5,55.87,44.08,41.5,35.58,37.84,37.19,38.54,23.4,35.9,46.53,37.34,74.52
Chengdu,16.98,47.28,26.83,20.77,21.3,23.76,18.5,21.88,12.1,20.31,29.1,14.71,55.65
Lahore,39.81,37.16,37.46,43.41,43.08,39.67,28.69,27.26,18.4,42.41,44.36,45.06,73.17
Paris,58.83,69.93,49.84,57.21,45.17,54.6,55.42,62.16,44.69,58.42,64.33,51.54,42.6
London,62.7,68.16,47.13,56.12,42.9,50.48,53.43,53.21,40.41,60.24,56.77,56.19,36.48
Tianjin,25.43,56.41,32.41,28.56,25.41,34.41,27.41,28.26,28.26,27.27,33.77,26.47,41.3
Lima,83.09,83.74,57.54,77.71,63.91,69.51,62.27,49.88,30.61,63.51,75.22,80.87,89.32
Hyderabad,43.53,52.14,43.55,42.05,38.33,42.87,39.41,41.2,33.65,42.77,49.39,41.35,73.24
Bogota,76.37,67.29,46.68,73.34,56.58,66.15,57.33,43.55,19.25,62.35,69.15,74.93,89.1
Wuhan,18.14,42.1,21.41,14.41,15.41,21.41,20.41,25.0,21.88,21.88,29.41,15.02,52.08
Chicago,77.68,69.97,55.72,64.19,53.45,64.44,60.81,59.44,46.54,69.51,68.16,70.23,71.42
Luanda,76.3,68.55,65.01,73.73,56.31,70.89,64.69,48.3,36.36,56.67,74.79,78.59,93.89
Kuala-Lumpur,69.4,72.46,64.87,70.02,62.28,67.59,59.99,50.14,45.18,58.58,68.87,66.43,81.99
Hanoi,32.73,52.72,39.3,38.49,34.29,39.12,29.11,30.1,13.48,41.83,47.06,31.67,79.17
Pune,40.9,60.99,40.12,40.28,35.93,39.12,40.33,42.89,31.25,38.27,44.67,38.6,70.81
Chongqing,17.84,39.46,20.02,22.8,22.8,28.35,24.19,32.81,22.06,27.94,35.3,24.19,69.12
Changchun,20.0,55.56,27.5,33.33,19.44,27.78,20.0,30.0,20.0,20.0,25.0,19.44,60.0
Nanjing,8.06,35.85,7.41,5.41,9.81,13.97,7.72,8.7,2.08,6.25,14.41,7.41,42.71
Hefei,10.0,40.0,10.0,5.0,15.0,15.0,0.0,10.0,0.0,10.0,15.0,0.0,40.0
Khartoum,26.4,54.3,39.6,30.19,33.98,59.74,22.62,16.13,17.74,33.06,46.1,25.65,75.0
Xi'an,20.38,25.74,13.24,22.17,10.41,11.45,9.67,14.58,3.85,11.54,15.03,6.1,36.54
Shenyang,16.79,44.73,22.67,19.73,15.32,30.02,18.26,21.88,3.12,15.62,19.4,16.79,40.62
Santiago,64.09,72.67,53.18,61.38,58.94,65.78,43.9,38.08,27.56,57.21,65.13,59.44,56.23
Riyadh,21.71,44.03,24.05,26.08,30.25,33.94,23.42,29.91,23.44,24.91,25.2,22.0,40.81
Dar-Es-Salaam,64.61,72.74,60.1,68.33,48.2,74.2,55.09,46.35,37.23,53.72,66.86,62.2,89.67
Hangzhou,12.43,35.82,20.35,17.6,17.01,23.68,17.85,18.97,5.17,20.69,25.35,14.51,51.72
Miami,58.21,63.18,48.77,50.53,47.16,57.3,47.7,47.43,31.43,63.87,57.8,56.69,61.67
Surat,37.49,49.4,38.24,35.1,27.66,32.93,31.01,33.01,22.47,33.12,41.34,34.69,54.49
Baghdad,69.79,60.58,60.25,61.39,61.54,59.27,63.54,61.27,60.92,48.93,66.17,70.78,78.87
Qingdao,5.43,4.35,13.04,6.82,3.26,4.35,3.26,5.43,4.35,6.52,20.65,8.7,29.35
Dallas,56.43,63.38,45.6,42.83,40.07,60.82,44.86,46.48,40.74,56.72,55.04,50.89,45.15
Philadelphia,73.21,66.9,51.72,57.71,45.83,62.06,55.95,60.64,42.32,75.18,67.12,68.45,61.87
Nairobi,69.3,55.25,57.12,68.37,53.42,64.51,58.38,46.9,30.62,54.41,64.48,67.3,91.67
Ankara,40.0,65.58,39.78,36.05,27.56,43.89,39.49,39.56,26.03,31.7,40.81,31.94,66.47
Houston,73.52,71.88,60.4,61.59,59.62,71.97,56.99,54.79,43.68,71.48,70.44,69.41,51.15
Atlanta,73.43,70.07,57.95,57.35,53.17,65.56,53.92,56.51,50.34,69.69,68.95,65.1,58.45
Toronto,44.28,64.52,35.23,36.57,30.71,40.54,36.41,39.78,25.72,52.55,46.53,42.8,35.47
Washington,68.71,62.59,51.88,55.86,48.78,62.85,54.75,58.09,42.52,62.32,62.06,60.31,54.29
Saint-Petersburg,38.77,43.73,27.16,33.93,41.31,43.66,36.83,36.3,27.25,44.37,46.52,28.31,74.4
Sydney,34.96,51.0,29.12,27.89,22.66,30.22,32.23,34.06,25.38,44.4,41.0,32.45,30.28
Guadalajara,72.35,80.12,57.02,65.84,63.61,72.65,49.85,32.27,17.07,63.41,66.86,70.12,83.95
Belo-Horizonte,76.03,70.69,48.28,74.65,66.84,76.22,45.66,28.24,15.22,67.88,76.56,76.56,84.49
Melbourne,46.07,67.95,41.07,38.36,34.29,40.5,42.65,44.57,29.95,55.81,53.44,45.11,36.38
Surabaya,34.13,42.64,28.53,37.51,24.68,32.38,27.97,27.08,25.69,34.03,37.18,20.84,61.11
Abidjan,60.87,55.77,48.08,59.0,48.08,59.0,49.0,37.5,31.73,52.88,58.65,59.62,84.62
Alexandria,38.69,54.75,28.76,42.35,44.81,48.44,34.56,39.93,14.38,39.04,40.48,29.69,61.15
Boston,39.21,50.7,31.64,30.81,24.47,39.61,30.67,35.0,19.71,50.74,42.31,36.35,36.95
Barcelona,49.99,73.39,43.49,52.58,30.15,45.99,40.16,37.47,25.73,55.56,58.17,39.36,54.06
Dalian,8.43,32.29,15.97,10.7,8.43,20.93,16.38,16.67,13.1,10.71,18.35,9.56,59.52
Johannesburg,89.36,80.89,79.22,81.21,77.42,81.3,75.59,63.3,66.52,71.4,82.85,88.5,92.03
Casablanca,60.83,59.02,42.11,62.53,41.83,56.32,54.0,51.0,29.71,60.09,58.28,53.45,77.86
Izmir,26.73,56.46,31.23,26.86,18.54,29.03,29.93,29.78,13.78,27.56,30.73,21.97,42.97
Monterrey,59.94,52.69,41.42,57.32,38.4,52.41,39.61,28.3,14.13,48.73,55.15,62.8,72.48
Phoenix,61.91,63.65,56.01,41.67,49.21,58.86,41.93,43.44,35.25,64.52,61.71,53.68,43.6
Xiamen,17.84,47.52,22.67,24.14,22.67,22.67,24.14,21.88,12.5,28.12,30.02,21.2,40.62
Amman,33.19,68.19,36.39,32.99,40.18,48.26,33.88,42.31,19.77,34.02,41.28,30.77,70.73
Seattle,53.95,74.13,46.2,39.52,44.47,62.83,42.28,51.94,23.76,69.91,62.01,43.53,33.99
Yokohama,8.81,32.66,14.18,10.92,9.15,14.18,11.42,17.86,25.0,11.36,8.75,9.84,21.59
Kabul,81.55,76.83,75.79,73.79,81.93,73.77,75.81,71.88,65.1,76.04,77.29,77.91,84.04
Berlin,43.1,68.46,37.38,38.21,31.51,37.75,40.01,47.11,31.41,57.69,52.81,36.94,30.07
San-Francisco,63.58,69.86,50.31,52.45,51.14,73.13,51.12,62.23,31.28,74.36,71.94,53.27,42.1
Montreal,26.4,49.31,27.04,22.86,23.34,36.75,22.23,24.44,14.94,44.16,40.02,24.66,50.0
Detroit,80.74,68.01,73.79,71.12,72.72,73.92,69.16,67.33,62.71,80.32,80.49,78.42,74.71
Busan,22.22,42.39,20.65,22.83,21.74,21.2,23.37,25.56,26.67,23.91,22.83,23.33,28.26
Algiers,52.77,57.64,46.42,51.53,52.05,56.76,45.91,45.43,24.73,62.77,56.64,48.15,78.95
Madrid,25.51,52.54,27.18,28.96,23.7,35.04,21.85,24.27,18.62,38.63,38.71,22.93,56.83
San-Diego,38.41,54.32,35.56,30.67,37.59,45.92,29.05,29.96,19.12,50.18,46.79,33.87,36.38
Faisalabad,44.97,38.72,43.42,48.59,45.14,39.11,33.07,32.41,27.88,45.19,46.87,47.73,66.67
Jaipur,38.34,56.88,41.05,34.03,37.05,37.91,33.6,25.47,16.04,29.25,41.79,29.44,61.79
Addis-Ababa,46.61,66.1,47.08,53.28,40.83,58.75,40.83,38.93,28.69,37.08,57.38,43.03,73.33
Brasilia,71.37,76.98,46.4,68.0,61.11,71.8,48.81,36.04,23.73,62.81,67.6,71.11,80.34
Mashhad,42.5,67.86,42.86,50.0,61.61,64.29,36.61,32.14,18.75,58.04,46.43,37.5,67.86
Minneapolis,61.19,68.89,49.62,48.89,41.22,57.14,46.64,47.05,38.18,57.36,59.59,55.64,46.12
Quezon-City,67.67,61.59,56.79,68.65,58.5,62.86,61.59,51.12,27.27,66.18,70.52,65.52,81.82
Salvador,89.02,85.19,50.93,87.96,76.56,73.77,64.38,52.3,32.57,79.49,78.35,91.46,90.38
Incheon,30.21,42.0,33.0,28.57,26.5,31.63,35.71,36.5,28.06,27.04,29.5,29.5,29.0
Bursa,27.15,41.02,28.79,27.68,22.94,28.27,29.68,26.19,21.47,29.71,30.87,22.68,35.29
Tampa,53.87,61.15,43.0,44.33,41.89,53.77,47.6,46.18,33.8,55.36,54.05,49.0,41.9
Birmingham,67.77,71.35,55.44,59.62,53.14,56.76,60.37,61.25,48.44,72.34,66.5,61.87,42.74
Denver,47.66,69.52,38.18,34.2,36.72,47.43,34.93,40.65,26.45,60.0,52.27,43.32,38.32
Rome,54.2,70.37,54.33,49.26,51.94,59.33,42.75,43.6,33.33,56.23,63.05,44.26,75.08
La-Paz,58.43,68.25,40.57,57.53,55.75,56.64,48.61,34.62,26.92,45.19,54.86,44.14,85.58
Kano,45.0,60.0,50.0,50.0,60.0,65.0,50.0,45.0,40.0,55.0,55.0,50.0,70.0
Taichung,15.18,48.15,18.75,11.61,15.18,20.37,12.5,13.39,4.46,27.68,22.32,11.61,49.07
Kaohsiung,16.91,51.43,18.57,20.71,21.43,19.29,22.14,28.57,17.86,27.14,29.41,20.71,42.14
Guayaquil,78.92,78.13,57.58,76.11,60.12,73.31,60.12,45.65,19.29,69.93,72.97,75.76,85.51
Manchester,64.92,71.67,55.48,56.15,46.79,54.78,56.99,58.28,38.38,71.8,65.09,55.31,34.67
Taipei,7.25,41.31,10.93,7.54,11.87,12.79,10.44,12.5,6.44,19.67,16.44,9.1,32.72
Antananarivo,76.92,79.17,62.5,57.69,51.92,65.38,51.92,21.15,31.25,48.08,65.38,71.15,82.69
Santo-Domingo,80.5,76.77,58.28,73.48,55.56,70.2,58.15,44.27,23.28,65.19,73.85,78.96,90.84
Brooklyn,41.51,49.12,32.27,37.95,27.23,33.93,36.16,39.71,23.56,45.67,41.96,41.96,39.42
Medellin,64.5,47.37,36.11,60.56,42.94,53.68,40.37,31.59,16.15,63.76,56.02,61.75,69.92
Brisbane,34.71,57.98,35.12,29.19,27.35,32.76,32.19,34.94,25.56,47.31,42.84,34.97,30.39
Dubai,12.47,40.36,15.08,12.91,11.05,16.61,15.19,19.04,14.08,18.49,16.98,12.62,24.41
Cali,77.36,63.21,55.66,73.11,64.42,70.28,53.77,44.79,22.45,68.37,67.45,78.43,82.81
Daegu,24.07,45.0,31.67,27.5,24.17,26.67,26.67,32.5,24.17,18.97,25.0,22.41,38.79
Fortaleza,91.25,85.54,62.7,91.19,78.93,82.29,72.52,50.86,26.07,79.96,84.58,91.74,89.87
Guatemala-City,75.38,60.45,52.99,71.43,62.69,68.08,55.38,35.25,22.13,54.44,66.42,75.76,82.08
Douala,79.91,69.68,75.36,83.31,65.4,77.63,74.22,71.43,50.0,66.67,75.36,75.36,96.43
Antalya,22.4,49.06,26.91,25.68,21.94,30.79,29.02,26.79,16.96,25.45,28.55,23.63,38.43
Tashkent,32.14,45.11,32.07,29.89,27.17,44.57,29.35,33.52,25.0,31.25,38.89,32.22,68.02
Bandung,36.97,52.35,39.1,39.33,33.6,44.54,28.39,28.89,21.11,44.44,51.34,36.2,76.14
Nagpur,38.89,54.48,42.75,40.19,36.05,41.03,39.24,37.23,30.85,32.45,40.64,38.15,51.06
Ghaziabad,70.0,63.06,55.71,62.46,62.46,56.31,59.83,52.12,42.92,47.03,59.18,63.91,84.58
Tijuana,80.59,72.34,67.63,69.21,68.09,75.53,63.68,44.38,30.06,80.34,79.26,75.27,88.48
Accra,45.2,56.63,45.09,45.89,39.32,48.93,42.89,39.5,29.9,41.33,45.97,52.34,80.39
Vancouver,37.18,56.11,32.53,26.88,31.23,49.56,29.23,32.4,17.75,70.37,48.79,30.66,28.6
Konya,40.58,58.11,36.89,41.44,25.53,28.94,42.9,52.38,38.64,38.75,32.69,34.62,43.75
Adana,61.98,69.95,49.81,51.2,41.48,52.59,54.67,53.79,32.14,62.5,52.67,51.17,47.06
Medan,53.63,69.07,47.82,49.02,39.7,49.7,47.12,40.54,49.32,47.3,50.32,47.2,76.35
Indore,57.24,58.71,50.14,48.33,41.21,43.0,48.71,47.83,30.8,42.75,56.57,49.78,68.84
Baku,24.13,43.46,27.9,29.3,21.34,33.8,29.28,32.94,15.98,31.29,28.85,21.58,79.59
Havana,26.72,49.76,33.9,28.07,27.17,34.56,21.47,28.06,13.02,21.35,38.23,22.36,49.48
Phnom-Penh,57.76,67.46,51.66,58.33,47.25,52.46,44.66,39.58,25.69,62.85,62.32,47.99,85.07
Fukuoka,12.59,39.37,14.37,7.23,7.23,26.87,16.16,19.23,17.31,23.08,17.4,17.94,19.23
Riverside,35.32,57.31,34.38,34.62,35.38,36.54,34.77,50.85,27.92,58.75,46.09,34.92,29.31
Baltimore,87.38,76.19,64.52,73.82,65.09,78.27,72.2,69.61,59.71,86.14,79.72,82.55,70.79
Las-Vegas,66.01,70.32,54.56,49.27,45.04,56.16,47.61,45.77,33.33,70.08,66.98,61.31,51.54
Rawalpindi,52.67,60.64,49.77,54.55,57.38,46.87,42.16,40.53,23.85,53.36,54.91,51.2,79.04
Portland,55.78,76.54,44.72,34.63,43.32,65.12,40.06,52.11,25.32,67.74,65.06,45.6,35.57
Vadodara,31.23,53.23,37.81,32.22,30.25,34.44,32.98,30.0,24.65,33.21,37.97,32.45,60.92
Perth,44.56,64.12,43.01,33.84,30.23,42.21,40.06,42.15,24.71,54.83,52.1,39.11,30.28
San-Antonio,57.3,68.55,48.9,37.09,46.7,60.44,38.76,40.29,26.74,56.18,57.78,51.92,43.07
Minsk,66.99,80.27,57.31,52.17,42.59,46.68,74.57,66.6,56.07,33.07,52.84,61.72,84.75
Quito,69.03,75.06,50.91,67.3,57.41,63.72,51.77,40.0,25.54,55.71,59.44,65.62,81.65
Peshawar,48.07,43.57,44.71,45.64,57.96,50.98,36.44,33.54,27.98,53.05,48.65,49.22,66.07
Sapporo,5.62,42.17,4.01,2.7,2.85,2.85,2.7,4.41,4.17,5.56,5.62,2.7,11.76
Caracas,95.53,90.61,75.9,91.13,88.19,87.44,82.13,66.78,39.13,76.19,88.01,93.75,96.02
Leeds,47.36,62.79,46.43,37.64,31.87,44.76,39.33,41.03,27.27,54.55,50.75,39.7,27.3
Sacramento,58.97,68.21,43.29,41.36,42.99,55.18,38.58,44.55,30.45,62.82,55.86,47.26,35.9
Blantyre,64.29,71.43,78.57,60.71,46.43,82.14,42.86,37.5,39.29,53.57,60.71,54.17,89.29
Bucharest,23.0,35.35,23.38,25.23,18.03,34.57,21.93,34.48,14.46,27.29,34.38,15.46,77.71
Bhopal,51.02,66.96,41.46,42.2,39.69,45.14,37.79,37.12,28.03,46.09,46.4,41.96,74.22
Curitiba,73.09,73.19,57.05,71.46,64.41,67.42,47.51,34.62,17.41,67.15,69.78,74.79,78.85
Asuncion,59.11,62.75,47.24,55.93,39.11,56.39,40.93,21.57,9.31,46.0,49.55,57.43,82.65
Vienna,22.29,57.04,23.69,20.74,16.79,22.15,23.61,27.91,19.24,34.67,31.05,20.64,31.17
Hamburg,43.83,52.08,43.3,43.22,30.89,42.85,44.89,48.54,23.41,54.41,53.99,43.42,35.32
Orlando,62.1,64.76,53.17,47.24,43.65,56.75,47.02,42.5,29.58,63.24,60.69,55.56,42.74
Mersin,53.79,71.66,41.29,37.13,37.13,41.77,41.29,36.76,29.69,47.06,45.46,38.52,52.94
Almaty,71.33,74.99,65.99,66.69,58.83,73.35,63.96,59.9,42.65,54.5,67.69,56.24,92.0
Barranquilla,73.39,70.97,39.06,66.13,36.67,55.83,44.35,25.86,9.48,51.72,58.87,75.81,87.5
Kyoto,7.85,36.4,9.41,6.86,7.61,7.07,7.61,14.84,17.19,10.16,12.16,8.37,26.56
Manaus,84.56,85.29,61.76,77.27,60.61,72.73,62.5,37.1,21.77,75.0,70.31,85.16,88.71
San-Jose,52.14,71.48,49.65,42.5,42.75,57.14,38.03,42.05,26.89,56.92,59.29,46.79,30.47
Warsaw,21.33,36.1,22.78,22.78,23.78,29.18,26.1,28.82,29.3,25.17,41.6,16.34,43.26
Damascus,73.15,75.0,66.27,67.17,65.82,68.67,68.83,65.74,63.12,52.5,66.36,70.06,79.94
Esfahan,25.68,57.69,38.12,29.49,48.03,57.24,21.15,24.34,9.87,45.39,43.24,21.05,62.16
Budapest,32.3,46.51,32.99,29.34,34.79,41.1,28.76,33.59,27.18,38.71,46.17,24.4,72.29
Lusaka,45.37,61.54,55.77,45.19,43.27,62.0,37.0,31.25,33.7,33.33,50.96,44.23,77.0
Vitoria,47.64,51.89,30.88,60.38,39.15,51.42,32.65,25.0,13.27,47.96,48.08,54.33,52.5
Cleveland,75.0,74.55,60.45,65.45,55.66,61.32,63.64,65.38,46.23,76.42,70.0,72.17,66.35
Pittsburgh,44.35,56.05,34.84,35.42,26.23,40.73,36.69,35.09,22.81,51.34,45.83,40.57,31.48
Mecca,20.35,28.5,15.13,16.72,16.72,20.45,16.54,23.3,21.11,14.44,18.17,14.6,30.56
Patna,58.99,47.85,57.61,50.81,45.24,43.09,43.09,42.07,33.33,45.73,57.56,56.62,71.51
Austin,37.97,60.93,36.47,29.32,29.77,49.81,26.32,32.14,21.06,43.16,45.23,33.46,32.02
Conakry,87.5,50.0,58.33,66.67,66.67,66.67,41.67,41.67,41.67,83.33,66.67,75.0,91.67
Kampala,61.47,63.49,57.67,60.0,57.67,67.19,47.27,29.27,23.78,40.62,55.61,58.25,92.07
Cincinnati,62.26,64.81,39.09,40.0,30.09,51.82,37.04,50.0,32.08,70.75,59.55,49.55,33.17
Ludhiana,57.91,68.33,50.99,46.61,53.85,52.49,50.28,32.58,11.03,63.64,56.71,49.56,85.94
Newcastle,47.7,57.3,40.4,38.29,33.48,43.12,45.86,49.22,32.42,67.54,56.24,46.22,46.48
Kansas-City,71.32,76.07,55.22,51.89,43.38,65.07,53.68,46.21,41.15,64.77,68.08,65.44,48.83
Rabat,31.14,40.51,23.36,44.79,18.11,36.86,33.05,32.29,9.38,49.48,37.91,34.26,66.49
Davao,27.1,26.09,33.44,31.1,26.28,27.94,28.68,26.03,21.09,33.57,33.48,28.94,31.81
Multan,37.39,32.32,31.75,33.36,40.13,36.22,25.29,25.83,20.0,45.0,51.07,41.42,70.69
Harare,59.92,76.26,69.35,60.56,51.55,71.9,52.4,51.22,36.89,49.09,66.38,55.33,92.09
Novosibirsk,47.81,50.0,31.48,42.59,41.46,53.16,43.83,44.69,32.1,55.56,53.8,34.49,79.63
Indianapolis,70.22,80.51,57.72,52.27,50.74,63.64,48.86,44.92,26.95,66.02,67.54,64.55,42.19
Puebla,68.75,84.75,61.86,73.73,59.48,70.34,57.63,47.22,35.19,54.63,71.93,71.05,78.24
Gujranwala,35.27,28.41,39.12,34.31,37.2,36.23,28.54,33.0,24.0,41.0,39.25,36.68,65.62
Jamshedpur,49.27,63.47,35.21,39.55,31.95,37.94,36.29,36.36,25.0,31.82,51.51,42.82,69.32
Recife,92.9,80.11,55.46,88.07,72.16,73.55,68.75,49.1,26.19,75.0,81.82,91.09,93.67
Columbus,51.92,65.3,34.33,37.88,34.85,48.13,30.6,41.39,31.05,57.66,51.54,43.94,32.26
Tabriz,26.88,58.14,34.88,30.49,43.02,50.0,24.42,24.42,17.44,37.5,37.5,19.19,65.48
Charlotte,53.39,66.25,42.8,40.57,33.75,48.36,36.89,36.61,25.89,49.11,55.08,47.95,37.73
Nasik,41.03,67.82,44.76,42.49,34.12,44.99,35.21,40.0,17.05,21.59,40.64,37.38,57.5
Porto-Alegre,88.46,85.71,56.75,85.68,81.63,78.6,64.92,40.75,19.5,75.6,80.83,90.28,87.54
Valencia,17.41,54.17,23.87,21.27,16.67,28.64,18.47,21.64,11.16,38.43,35.98,16.67,59.17
Virginia-Beach,51.04,68.0,39.0,36.46,33.0,52.08,38.0,29.35,21.74,52.17,52.0,44.0,43.48
Munich,11.78,55.39,15.57,12.41,9.42,13.98,18.73,21.75,13.05,19.98,22.49,10.65,14.93
Yekaterinburg,50.88,55.08,33.19,39.04,47.46,50.43,45.69,44.4,29.82,56.47,56.9,37.29,80.6
Auckland,47.62,65.08,47.74,41.53,43.98,51.62,41.28,45.77,33.83,58.03,55.07,44.2,26.82
Shiraz,49.24,64.71,48.57,46.43,52.14,59.56,47.86,54.29,19.29,51.43,54.29,36.43,69.12
Kharkiv,50.66,67.88,44.28,42.57,40.47,52.1,44.56,39.05,22.88,55.23,54.74,43.46,83.55
Muscat,13.84,46.97,20.78,16.73,16.65,23.14,17.85,22.03,15.35,27.48,23.62,12.8,36.99
Bronx,66.45,65.62,58.97,65.13,57.89,57.89,58.55,59.03,47.3,68.92,64.47,65.13,59.72
The-Hague,26.47,46.48,24.72,23.29,17.54,27.05,23.0,27.71,19.88,31.33,29.37,19.49,19.05
Sharjah,13.87,36.71,11.65,13.03,10.94,15.11,15.87,12.02,9.62,18.0,12.33,13.03,14.29
Faridabad,54.07,55.71,58.69,55.18,42.95,44.81,52.3,41.35,16.35,34.62,51.29,44.81,70.19
Ulaanbaatar,60.16,63.7,47.12,61.88,39.16,54.16,60.24,59.82,50.0,35.71,55.5,49.99,76.36
Goiania,77.22,78.41,63.89,73.33,71.11,70.56,53.33,38.1,22.02,71.43,68.33,76.67,82.5
Belgrade,37.25,56.58,31.69,30.6,36.35,42.55,28.8,33.46,25.83,47.39,46.39,31.63,84.02
Islamabad,25.74,37.16,29.68,30.47,33.7,29.75,21.13,19.72,13.58,33.14,33.44,29.03,57.58
Milwaukee,79.94,82.27,61.78,64.66,61.34,68.9,63.22,57.81,54.52,79.22,75.58,73.24,52.41
Milan,46.21,58.77,45.06,42.92,37.4,50.42,36.93,32.89,23.94,52.66,54.56,34.58,66.91
Sofia,42.13,49.47,44.38,32.99,43.15,49.25,33.2,33.52,30.17,44.63,51.13,30.33,84.05
Adelaide,26.13,47.42,28.59,21.69,20.9,27.29,24.99,31.18,17.03,40.3,38.42,25.92,24.17
Samsun,31.66,55.25,31.66,22.74,17.38,33.45,37.02,36.54,9.62,39.58,28.09,19.16,36.54
Rajkot,46.16,61.69,35.37,33.44,31.52,31.03,37.93,29.86,19.44,27.78,39.21,31.98,53.38
Cordoba,69.21,77.88,57.12,66.87,50.75,60.93,49.09,29.39,15.35,57.46,67.42,65.75,76.75
Prague,16.84,41.17,18.64,17.66,22.46,36.88,16.69,20.62,17.41,36.7,36.42,13.24,53.2
Montevideo,63.89,75.25,53.05,61.01,51.33,63.37,47.99,34.25,11.68,59.53,64.83,62.02,47.49
Doha,6.09,38.04,8.99,6.78,4.05,10.22,8.27,20.28,13.52,11.0,11.02,6.66,25.32
Meerut,78.29,78.29,69.75,71.58,74.02,70.97,66.7,64.02,60.98,58.55,71.58,71.66,84.76
Thane,23.98,40.65,32.32,30.65,25.65,29.12,33.15,25.0,12.04,36.61,32.32,27.32,52.68
Nizhniy-Novgorod,32.5,35.71,27.86,30.71,27.5,35.51,32.14,28.21,21.79,37.86,36.43,26.43,51.07
Kazan,33.78,36.11,26.35,33.78,32.14,43.24,36.81,44.59,26.35,36.81,42.57,25.68,77.03
Calgary,36.55,65.04,32.29,26.18,31.52,45.03,25.27,32.63,19.51,50.24,44.02,32.23,25.0
Abuja,62.5,60.0,57.14,71.3,66.07,68.75,56.25,43.52,25.93,54.63,64.81,68.75,84.82
Sevilla,26.71,52.12,28.29,29.58,26.28,41.6,21.44,26.67,16.25,41.25,44.83,21.84,50.0
Varanasi,35.67,39.08,34.99,31.42,27.85,34.99,32.61,28.57,17.5,35.0,42.13,33.8,58.75
Tunis,48.28,73.57,40.37,52.92,39.33,55.48,42.43,38.37,29.6,41.09,48.28,37.98,77.01
Chelyabinsk,52.21,48.61,36.11,45.14,37.86,50.69,53.47,50.0,32.64,47.22,54.29,31.25,72.92
Mombasa,76.29,73.44,68.26,67.47,58.64,59.05,66.5,62.5,63.24,78.12,72.05,72.05,86.67
Maputo,66.15,74.52,56.64,61.11,56.64,76.24,50.41,50.0,28.57,40.74,58.14,58.14,90.18
Rosario,86.52,87.07,64.57,83.88,61.0,73.14,66.72,40.07,13.6,85.45,78.97,83.5,87.5
Dublin,56.04,69.7,46.69,45.9,36.58,47.02,47.88,50.43,30.1,72.25,58.33,48.08,45.67
Jacksonville,70.22,71.74,54.41,50.36,44.57,58.46,47.06,45.38,32.95,71.21,60.07,60.51,47.69
Medina,2.3,28.01,11.59,11.59,10.16,15.87,10.16,11.03,3.03,9.56,10.16,3.73,17.65
Srinagar,38.31,69.98,29.6,25.75,29.6,31.52,23.73,31.25,25.0,29.55,35.37,25.75,77.08
Omsk,38.75,32.5,26.25,26.25,30.0,37.5,33.75,31.58,26.25,50.0,50.0,26.32,69.74
Samara,36.0,30.0,17.0,28.12,31.0,43.75,40.0,28.12,28.12,49.0,44.0,26.0,76.0
Campinas,78.92,68.07,57.62,77.74,75.31,77.13,54.22,32.59,18.42,66.46,74.7,79.76,82.59
Dakar,36.54,64.29,45.83,35.42,37.5,45.0,29.17,34.09,13.64,20.45,45.45,25.0,70.45
Quetta,57.89,50.95,53.73,48.17,62.06,60.67,59.83,42.65,57.35,57.35,56.5,57.89,80.88
Amritsar,38.78,46.9,34.06,36.83,37.76,34.98,33.13,22.0,13.0,53.0,43.32,36.83,65.0
Tegucigalpa,88.41,68.29,68.29,86.25,62.2,71.95,71.88,50.0,24.38,71.25,77.44,88.41,95.62
Tripoli,70.15,69.12,58.82,67.65,69.4,61.94,57.72,55.22,49.63,66.79,62.69,69.12,75.0
Tbilisi,20.28,51.7,19.13,19.14,13.76,21.19,22.18,24.65,23.15,32.17,28.04,20.57,30.39
Ufa,60.42,72.34,45.65,52.17,48.37,55.98,58.7,63.04,34.24,61.41,63.59,52.72,81.25
Mexicali,64.52,70.97,68.75,65.32,63.71,64.84,50.83,31.9,32.76,69.83,77.42,66.94,76.72
Salt-Lake-City,29.31,58.06,33.89,26.39,28.45,45.22,25.0,30.0,19.94,47.02,44.94,31.67,29.94
Copenhagen,27.44,55.78,25.89,23.81,17.9,25.92,24.85,27.17,19.62,34.88,34.4,25.81,18.8
Cologne,47.29,70.14,40.52,40.28,29.38,44.15,47.03,47.79,28.19,57.67,54.15,35.68,30.25
Krasnoyarsk,50.0,57.14,25.0,35.71,38.79,50.86,43.75,45.69,32.76,53.57,54.31,33.93,87.93
Nashville,56.5,74.07,41.67,44.44,35.65,50.93,41.67,41.0,22.5,59.5,59.72,53.7,39.8
Yerevan,19.12,42.67,26.12,19.84,17.43,26.34,18.04,21.56,16.48,19.47,24.84,19.18,54.23
Ranchi,50.41,54.57,51.45,49.36,55.86,59.78,47.28,50.0,34.78,50.0,56.66,50.42,72.83
Richmond,57.59,50.45,39.29,41.82,32.73,58.18,37.27,36.54,20.59,54.41,60.0,50.0,34.69
San-Pedro-Sula,88.14,80.38,77.53,83.23,78.53,79.75,76.25,68.75,57.57,84.21,83.01,87.03,86.36
Memphis,86.11,73.81,69.44,71.83,63.1,76.59,66.67,69.17,61.48,85.0,79.76,79.76,65.83
Edmonton,49.76,63.25,37.36,33.13,35.14,49.86,34.78,36.46,21.16,57.99,55.91,41.4,31.38
Sendai,2.78,33.33,5.56,8.33,5.56,8.33,19.44,16.67,22.22,6.25,12.5,5.56,37.5
Voronezh,39.77,45.65,32.61,39.13,38.64,50.0,41.3,39.13,31.52,41.3,44.32,30.43,81.52
Perm,45.65,45.65,43.48,42.39,34.78,42.05,48.91,44.57,32.61,53.26,54.35,38.04,76.09
Raleigh,38.33,63.52,33.87,27.42,27.82,40.73,27.02,32.27,20.0,38.16,37.5,36.29,31.25
Cartagena,66.35,71.15,48.08,63.89,46.15,62.5,52.0,51.0,20.0,56.0,54.63,61.02,69.79
Chandigarh,43.5,63.87,45.05,41.32,44.4,46.48,36.33,33.95,26.25,50.95,50.65,42.52,58.84
Bishkek,58.34,59.7,50.4,58.14,43.26,55.43,59.7,55.95,57.32,43.12,53.98,53.98,81.88
Amsterdam,34.13,54.23,31.42,29.82,24.42,38.09,28.37,31.63,25.29,48.32,42.1,30.08,22.89
Ashgabat,32.8,38.57,34.47,33.88,29.19,37.0,30.75,41.07,38.33,41.67,43.25,27.63,79.69
Managua,57.38,57.38,51.78,59.21,36.24,59.02,42.6,34.56,19.85,51.43,55.16,56.51,76.47
New-Orleans,78.49,64.66,58.81,63.07,55.17,65.23,59.66,55.36,41.27,72.02,70.35,70.11,68.29
Port-au-prince,84.98,75.77,70.73,79.72,59.98,75.77,71.82,37.5,33.33,69.44,83.66,81.37,94.44
Mysore,45.12,55.38,44.75,49.02,41.09,41.92,43.99,45.39,38.82,44.08,47.56,45.12,60.9
Odesa,57.04,71.62,52.92,53.24,46.99,66.89,48.86,46.88,25.95,53.64,64.01,42.65,88.57
Kathmandu,34.42,44.47,41.41,37.64,21.26,23.56,28.62,26.55,12.12,45.19,43.62,30.61,85.96
Raipur,30.39,54.22,34.03,33.07,26.34,29.22,22.49,27.0,14.0,28.0,34.03,26.34,72.92
Nice,65.46,77.32,62.4,62.49,60.39,68.08,64.56,67.13,60.92,64.61,70.22,64.39,67.48
Rotterdam,41.06,46.18,33.87,31.02,26.08,36.64,33.5,38.19,25.0,46.06,48.81,35.65,22.43
Louisville,67.41,73.28,50.42,46.19,36.02,50.0,46.19,43.42,35.09,65.18,59.05,55.93,46.3
Abu-Dhabi,6.73,34.85,9.51,8.32,7.45,11.9,9.25,13.95,10.17,15.05,11.37,8.51,21.3
Stockholm,50.22,69.93,39.73,43.34,34.75,43.64,44.8,41.83,37.65,49.39,52.55,47.83,30.94
Ottawa,24.4,57.41,22.36,19.04,15.73,29.0,21.43,25.29,13.66,41.28,33.88,25.24,23.06
Jerusalem,35.6,52.01,33.87,25.31,32.98,36.81,40.77,37.67,47.57,29.64,35.18,29.92,40.75
Panama-City,49.46,71.75,43.22,46.99,37.65,52.46,38.47,39.66,19.77,41.86,48.09,50.01,76.79
Zagreb,15.65,43.55,19.49,14.18,15.55,20.99,16.14,17.92,16.65,25.12,27.62,18.22,68.48
Dushanbe,47.73,59.09,50.0,40.91,25.0,54.55,50.0,50.0,43.18,52.27,45.45,40.91,93.18
Lilongwe,59.38,68.75,65.62,50.0,46.88,68.75,34.38,28.12,18.75,12.5,56.25,59.38,84.38
Vientiane,31.82,76.92,48.08,26.92,33.33,30.77,16.67,17.31,11.54,38.46,41.67,28.85,91.67
Colombo,39.4,45.83,42.79,35.93,32.37,38.17,34.44,40.5,27.79,49.25,44.64,36.07,68.13
Kigali,22.04,40.66,33.56,22.62,16.19,39.06,18.98,18.75,11.36,24.44,33.04,23.15,32.78
Pretoria,88.39,85.11,82.42,84.91,80.29,82.37,78.9,67.8,75.56,73.53,82.38,89.75,91.18
Winnipeg,68.91,72.92,50.98,50.37,46.77,64.08,49.58,49.79,32.49,71.08,67.3,59.47,41.63
Quebec-City,9.05,39.74,11.71,9.43,10.59,17.18,9.15,12.26,10.97,22.22,20.62,13.19,26.14
Riga,38.4,48.24,35.91,33.07,31.69,46.74,38.49,33.71,23.4,40.91,46.72,25.35,66.98
Oslo,36.05,60.39,27.63,33.81,22.24,32.11,32.52,32.57,26.75,53.18,40.11,32.45,25.81
Chisinau,45.6,56.37,39.25,38.68,34.53,51.21,44.65,45.0,27.38,35.0,48.61,31.58,87.8
Athens,56.22,76.08,56.27,51.9,44.99,57.45,45.16,41.0,35.31,60.41,61.22,47.38,77.27
Helsinki,22.94,58.32,17.15,22.57,16.8,24.95,26.9,28.98,24.82,34.69,32.9,21.65,16.51
Skopje,42.86,69.63,41.36,36.68,24.06,48.33,40.09,38.68,43.06,43.63,45.67,33.41,84.67
Kuwait-City,24.99,55.96,20.83,26.96,26.94,34.37,32.02,39.71,31.1,33.05,31.03,23.6,57.94
Kingston,31.73,57.83,30.71,19.44,17.83,37.58,26.3,28.5,10.2,47.96,37.83,27.89,25.0
Vilnius,25.59,30.89,22.65,25.68,19.32,31.34,28.62,20.56,18.81,29.13,37.39,21.4,52.01
San-Salvador,88.31,72.22,64.29,78.23,74.21,79.76,68.65,50.0,22.08,61.21,77.38,85.83,88.79
Lisbon,23.63,51.39,22.19,28.48,21.66,36.15,21.31,21.88,12.27,37.83,35.73,21.93,53.9
Kitchener,40.74,67.34,29.84,27.54,25.8,43.07,29.34,35.14,18.21,59.64,48.37,33.1,28.57
Tallinn,20.14,33.61,18.47,18.59,16.21,31.24,21.35,20.58,18.84,34.47,29.7,14.33,28.85
Cape-Town,84.39,82.72,70.62,74.37,65.19,74.95,66.84,57.77,52.37,75.45,76.69,80.03,84.26
Bratislava,25.07,41.83,20.36,22.35,28.19,39.08,27.08,24.58,29.97,32.2,41.92,19.29,72.89
Tirana,41.21,46.67,35.01,36.29,36.56,39.24,29.36,30.47,15.08,46.21,40.97,39.5,80.0
Canberra,17.09,42.49,22.85,15.01,15.45,23.4,19.22,23.52,13.41,32.76,31.3,18.3,18.75
Wellington,26.41,51.77,27.56,17.53,22.77,35.79,24.39,28.72,20.87,42.68,35.53,25.77,16.67
Beirut,45.48,71.09,36.76,44.99,43.56,51.93,42.64,44.97,31.9,47.0,45.87,42.0,83.96
Halifax,48.26,63.23,36.0,35.87,27.8,44.62,35.63,37.25,19.85,55.24,46.82,41.89,33.0
Port-Moresby,86.07,81.34,76.62,82.02,81.97,81.05,75.09,76.23,70.43,78.05,85.9,83.13,89.02
Victoria,38.64,66.08,29.54,22.54,22.19,44.57,25.52,36.85,13.33,65.56,49.64,29.22,22.95
Maseru,55.56,75.0,57.5,67.5,60.0,62.5,60.0,55.56,45.0,60.0,60.0,60.0,97.5
Nicosia,26.45,62.41,39.95,22.31,21.08,35.75,18.92,28.12,23.24,31.94,34.33,24.06,58.46
Windhoek,78.36,81.9,78.62,76.26,53.13,74.14,69.29,54.21,47.73,64.04,70.59,72.28,82.3
Ljubljana,11.77,52.35,18.53,15.72,14.92,23.87,14.65,16.63,12.24,32.32,30.32,15.49,57.64
Sarajevo,50.2,52.8,44.4,47.62,51.83,57.46,36.6,31.75,23.8,43.2,54.0,43.4,79.23
Nassau,77.7,71.25,63.41,64.02,63.41,67.07,51.83,56.08,30.92,59.87,73.78,75.61,73.03
Bloemfontein,77.78,85.56,78.89,73.86,67.78,70.93,72.78,63.41,60.37,64.02,82.56,77.22,88.12
Gaborone,59.22,81.85,70.35,64.35,47.85,68.08,52.35,32.07,14.13,45.65,62.85,58.01,50.54
Paramaribo,55.86,76.87,53.66,50.98,38.98,61.2,41.16,39.0,21.15,51.92,54.55,55.44,82.69
Dili,43.52,48.9,54.85,41.75,32.59,52.88,34.61,36.11,28.95,26.32,52.47,41.75,75.0
Pristina,31.76,46.05,36.18,19.74,23.61,31.76,15.54,17.76,15.13,40.79,40.79,30.92,73.03
Georgetown,80.35,77.57,72.71,78.86,58.13,68.72,64.67,57.81,43.18,67.19,79.66,81.05,87.12
Brussels,54.96,63.77,48.75,51.64,40.23,55.67,51.74,53.33,37.75,55.08,64.37,47.13,35.67
Male,70.73,72.78,63.66,64.85,43.72,50.57,60.48,66.81,34.65,82.02,70.66,64.1,84.65
Podgorica,46.52,65.65,44.14,42.67,36.79,53.09,37.77,40.82,42.71,58.67,51.0,43.16,74.48
Manama,17.47,57.85,17.96,12.08,15.02,23.82,20.22,21.5,21.08,23.5,24.32,14.53,45.0
Port-Louis,62.03,67.07,60.82,63.32,44.57,60.82,60.82,37.5,21.05,67.11,64.57,60.82,64.47
Bern,11.76,47.29,16.91,16.53,9.33,15.87,14.63,17.19,17.97,33.59,31.58,12.74,16.02
Reykjavik,14.86,55.24,22.05,11.1,13.44,22.89,13.55,15.53,12.87,38.24,29.72,19.16,37.5
Luxembourg,24.26,56.96,30.76,23.45,22.89,27.38,24.01,27.08,15.77,43.15,31.32,19.24,29.17
Bridgetown,41.67,70.83,39.58,35.42,27.27,37.5,31.25,39.58,31.25,45.83,35.42,52.27,41.67
Suva,57.84,69.1,59.27,58.31,43.36,54.39,51.45,49.26,37.5,49.24,58.07,47.84,68.18
Bandar-Seri-Begawan,23.3,56.67,43.75,25.0,28.98,31.82,20.45,14.44,12.78,32.78,41.11,16.11,32.95
Monaco,20.73,50.35,22.67,19.99,21.78,19.99,14.25,16.35,16.35,35.58,18.21,19.1,34.0
Port-Of-Spain,88.82,87.95,71.69,77.41,69.05,72.56,69.28,62.96,36.01,79.76,77.38,86.31,93.45
Saint-John's,51.07,76.05,48.78,33.02,37.42,57.36,34.87,35.38,14.62,64.9,56.51,48.33,33.96
Andorra-La-Vella,8.54,40.48,9.93,7.15,7.15,7.57,8.54,7.35,5.88,26.47,14.09,7.15,19.12
Belmopan,50.0,61.11,47.22,47.22,19.44,36.11,36.11,36.11,16.67,44.44,41.67,55.56,88.89
Basseterre,25.0,25.0,31.25,18.75,18.75,18.75,12.5,6.25,0.0,18.75,31.25,31.25,25.0
Valletta,32.19,66.75,36.99,30.56,26.27,35.56,32.19,36.03,30.88,43.38,39.13,26.27,67.86
Jodhpur,22.02,48.83,38.25,29.78,26.71,24.79,25.75,20.83,19.79,34.38,30.56,23.83,63.54
Glasgow,52.44,47.21,38.14,39.22,29.23,38.27,45.46,51.57,30.79,66.4,55.87,46.43,27.81
Natal,93.5,91.18,66.18,92.0,82.84,80.39,67.65,54.59,32.14,77.6,82.35,93.63,93.88
Naples,64.99,53.07,50.67,61.27,62.29,64.8,49.66,49.04,28.46,63.45,65.34,60.19,76.74
Oklahoma-City,56.71,68.12,49.4,40.85,39.88,55.36,39.63,36.54,36.18,60.81,58.93,55.95,49.34
Toulouse,51.97,71.63,41.83,46.09,38.69,49.66,45.37,52.63,31.77,56.05,57.74,39.56,27.5
Coimbatore,34.3,48.31,48.31,41.23,42.35,45.4,36.42,36.57,29.09,38.89,43.08,37.05,65.28
Guwahati,50.33,62.41,52.06,43.21,43.21,42.31,33.66,37.96,15.52,43.1,51.99,41.16,76.67
Tangier,54.6,66.46,30.35,70.17,41.46,58.13,54.43,42.31,28.85,69.23,50.75,52.57,74.04
Aguascalientes,31.77,55.21,43.62,35.94,36.7,50.0,30.85,20.45,14.77,36.11,40.62,36.46,54.55
Marrakech,43.37,49.83,39.67,44.98,36.48,39.82,36.92,41.67,25.81,46.77,44.98,36.55,67.74
Buffalo,51.42,52.83,39.62,39.9,35.85,55.29,33.65,35.2,25.51,58.33,53.37,44.34,53.12
Fort-Worth,50.0,62.8,48.75,39.63,34.15,53.66,32.93,35.53,31.58,57.89,50.61,40.85,36.18
Hartford,75.89,66.96,66.07,65.18,61.61,71.3,54.46,50.0,43.27,76.92,72.22,62.04,54.81
Ad-Dammam,27.09,58.54,27.87,26.98,28.77,39.48,27.87,31.48,29.17,28.24,35.46,26.98,46.76
Merida,21.7,59.91,35.1,24.53,17.92,26.89,20.0,14.85,11.14,26.24,36.32,24.53,52.48
Hubli,62.5,70.0,56.67,51.67,38.33,38.33,56.67,51.67,28.57,41.07,53.33,46.67,76.67
Tucson,60.61,61.57,53.31,40.67,46.32,53.36,41.18,37.92,31.05,62.5,63.46,51.12,52.42
Krasnodar,28.29,45.0,32.5,26.28,30.77,43.92,33.97,25.0,15.0,37.5,33.75,20.0,76.88
Chihuahua,72.83,75.0,65.22,69.57,58.7,60.87,64.13,39.29,23.81,66.67,57.61,71.74,80.95
Klang,70.06,68.91,69.25,71.54,62.77,68.24,63.45,53.43,47.64,64.9,71.93,67.16,72.64
Turin,51.79,65.44,51.34,50.01,43.06,52.55,46.42,45.99,32.4,61.46,59.51,41.99,60.61
Jalandhar,61.29,63.47,53.69,55.86,53.69,43.9,56.95,51.19,20.45,72.73,63.47,54.77,82.95
Marseille,65.83,60.94,55.88,59.74,56.38,62.74,58.13,61.46,39.32,70.35,68.11,61.89,66.23
Eskisehir,18.8,36.11,21.7,21.08,17.84,19.09,21.12,18.9,13.58,25.0,20.88,18.01,20.73
Liverpool,52.2,56.77,45.67,39.19,38.87,42.09,39.29,43.12,27.1,65.83,54.55,44.38,32.18
Southampton,54.74,63.97,46.11,48.97,41.19,47.3,50.64,52.84,31.4,61.36,57.47,45.64,38.1
Portsmouth,51.73,63.83,42.86,40.44,33.18,50.96,43.67,51.67,35.0,65.83,58.18,45.12,35.71
Omaha,56.94,71.3,44.91,39.15,37.98,50.47,38.43,32.29,31.0,58.33,54.17,50.93,33.16
Saratov,45.83,53.85,44.23,46.15,21.15,42.31,55.77,63.46,32.69,44.23,48.08,15.38,82.69
El-Paso,31.86,59.62,27.88,25.49,29.72,37.74,28.37,28.57,17.55,42.55,37.74,34.43,30.0
San-Luis-Potosi,64.77,81.82,56.4,59.88,51.19,62.5,42.26,26.35,14.47,53.21,58.33,57.74,80.13
Toluca,75.86,76.67,57.5,75.83,62.93,69.83,65.52,53.7,20.37,50.93,70.69,75.0,85.19
Honolulu,46.1,67.21,39.8,37.83,37.17,53.29,38.0,37.68,24.64,57.14,57.0,44.0,51.09
Queretaro,38.55,72.94,38.95,33.72,36.76,52.38,25.87,14.56,4.75,30.31,44.71,37.35,65.74
Hermosillo,53.23,73.33,56.67,56.67,41.67,56.67,39.66,16.07,7.14,57.14,62.07,52.5,76.72
Taguig-City,57.24,55.81,57.24,60.14,47.64,52.48,56.23,51.72,37.5,70.0,65.3,60.92,71.67
Saltillo,45.83,46.55,50.83,50.0,44.17,55.17,35.83,25.0,14.29,43.75,56.67,49.17,65.18
Joao-Pessoa,79.46,78.57,57.14,76.79,59.82,71.43,59.82,45.19,35.58,73.0,74.11,85.71,88.46
Culiacan,82.95,75.0,64.77,70.24,77.27,68.18,63.64,46.43,32.14,75.0,67.05,78.41,91.67
Nottingham,56.52,54.59,45.42,49.23,39.25,46.86,48.95,53.16,34.29,62.81,58.26,53.4,34.33
Albuquerque,84.32,82.84,70.59,58.82,71.15,78.45,56.51,56.14,35.84,84.21,85.38,72.9,64.41
Frankfurt,45.8,62.35,35.29,38.87,29.36,38.3,42.09,48.04,27.84,61.88,49.34,38.72,30.93
Pietermaritzburg,84.88,82.28,79.94,81.01,78.09,78.85,78.12,66.67,71.43,77.27,81.56,84.26,85.71
Kolhapur,21.15,30.0,28.33,28.57,10.71,19.64,23.21,16.07,0.0,18.33,21.67,21.67,58.33
Thiruvananthapuram,38.76,62.23,39.67,36.57,35.45,34.47,34.47,34.72,25.68,40.2,44.79,34.8,58.68
Cancun,57.38,72.95,56.97,58.06,50.0,54.84,50.4,38.79,28.88,60.78,57.66,54.76,71.98
Rennes,52.01,81.55,44.65,51.96,34.76,43.26,58.06,56.25,35.62,66.45,53.99,48.26,38.16
Bristol,43.94,60.76,36.76,35.1,31.1,38.76,33.76,40.75,27.4,65.41,51.16,36.1,26.41
Lviv,39.85,61.48,43.09,36.75,33.7,48.5,35.15,31.2,24.03,37.01,47.74,30.11,82.75
Bremen,47.64,67.86,41.22,37.99,23.17,40.83,39.69,45.35,19.77,52.91,53.25,36.85,16.28
Mississauga,44.53,73.31,40.9,38.96,35.91,41.8,39.1,39.13,25.54,54.67,46.83,43.23,34.36
George-Town,32.06,60.19,34.78,33.78,27.78,41.44,19.78,20.65,19.57,27.08,33.78,27.78,61.0
Rochester,70.35,71.74,51.14,59.66,44.32,61.63,53.26,59.52,46.95,77.38,67.61,66.85,52.38
Fresno,58.54,54.27,50.0,42.5,53.75,59.38,40.62,41.03,25.0,60.9,60.9,50.0,40.38
Grenoble,55.4,60.85,46.67,51.61,43.07,49.97,49.5,54.41,39.85,59.8,59.49,49.02,42.16
Hamilton,58.71,73.61,43.72,47.18,42.88,51.5,49.57,51.16,33.39,70.1,61.35,52.13,44.7
Lodz,46.37,41.16,40.48,42.54,36.47,46.15,47.15,48.39,47.04,33.79,56.2,34.03,44.95
Sheffield,47.42,64.18,43.57,43.19,34.8,39.23,38.96,46.43,31.35,51.98,50.11,39.57,28.63
Kochi,38.37,52.33,39.06,39.3,36.39,38.72,39.58,39.58,28.52,42.36,46.68,36.21,63.54
Allentown,70.54,83.0,69.0,71.0,66.0,78.12,72.0,66.67,66.67,83.33,77.0,73.0,71.59
Gold-Coast,45.0,62.65,40.72,36.62,32.95,42.54,39.36,39.54,25.0,59.64,51.95,41.68,32.41
Palermo,48.87,53.23,42.73,44.9,47.03,55.86,37.29,36.33,17.86,48.41,57.58,40.92,82.14
Tulsa,63.64,66.91,50.0,48.48,42.65,53.79,46.32,41.41,22.79,55.3,61.03,58.09,41.67
Ribeirao-Preto,76.04,76.09,63.54,79.17,69.79,66.3,52.08,45.65,38.04,73.86,75.0,81.25,93.48
As-Sulaymaniyah,22.03,49.2,30.73,18.77,20.94,22.03,23.12,17.86,7.14,20.24,26.38,25.29,53.57
Durango,44.57,35.42,42.71,43.75,32.29,45.83,38.54,30.68,20.65,54.35,47.92,50.0,67.39
Bulawayo,67.61,80.11,64.48,55.45,48.86,67.61,43.78,48.08,42.86,51.79,70.45,55.45,92.86
Izhevsk,36.11,38.89,27.78,30.56,33.33,47.22,30.56,38.89,16.67,44.44,47.22,25.0,75.0
Petaling-Jaya,57.26,69.64,57.26,58.86,58.58,65.33,48.52,40.62,35.71,43.3,58.43,54.55,75.89
Utrecht,27.58,54.5,31.3,19.89,19.41,33.68,23.22,26.5,21.43,34.5,37.68,22.29,11.5
Colorado-Springs,45.62,77.44,41.46,31.71,32.5,42.68,28.66,28.95,12.5,55.26,50.61,43.29,34.87
Valenzuela,28.0,25.55,43.43,43.14,34.94,33.25,36.91,20.69,11.86,41.95,41.97,31.03,28.69
Wroclaw,23.91,42.15,24.55,25.64,25.96,32.11,29.92,30.23,33.82,27.96,44.92,16.95,42.6
Nantes,62.13,80.55,48.14,61.05,43.19,50.88,56.65,56.11,36.65,63.46,61.6,53.43,35.44
Stuttgart,24.34,63.77,26.11,20.81,15.6,22.58,30.1,36.46,21.61,35.26,34.6,24.6,25.53
Cochabamba,72.77,76.52,59.02,72.77,67.77,74.02,64.02,44.74,30.26,60.53,69.02,60.27,91.67
Mangalore,25.74,32.83,23.54,21.36,21.85,20.3,25.32,23.11,24.27,27.01,25.05,24.76,35.57
Springfield,63.54,83.0,52.0,45.0,53.0,66.0,48.0,51.04,34.38,83.33,71.88,62.0,43.75
Dusseldorf,30.19,59.92,30.95,28.06,20.64,29.4,30.31,35.96,22.0,43.33,41.85,25.82,19.93
Buraydah,5.0,30.0,25.0,5.0,25.0,20.0,5.0,20.0,0.0,10.0,15.0,10.0,15.0
Montpellier,64.59,81.89,55.78,59.75,47.25,56.89,59.75,68.09,40.86,71.28,68.34,53.04,43.55
Grand-Rapids,48.86,69.57,36.46,36.96,23.91,51.09,33.7,26.19,15.48,51.25,46.88,44.57,35.71
Vladivostok,44.79,36.0,29.0,43.0,36.0,38.0,43.0,41.0,32.0,51.04,55.0,34.0,74.0
Gothenburg,53.92,72.25,37.16,44.84,35.18,45.41,46.02,42.96,36.15,54.81,51.15,48.98,33.06
Durban,87.45,85.39,84.17,83.02,81.33,79.31,77.41,63.11,63.73,73.7,81.71,87.24,92.0
Brampton,63.34,74.6,56.09,54.61,47.55,53.75,52.97,47.56,36.74,67.66,58.61,56.27,46.7
Dortmund,50.74,78.32,46.54,45.71,24.01,37.8,49.01,50.86,32.76,57.76,54.04,42.38,29.31
Shah-Alam,60.91,60.52,70.34,61.83,56.95,60.52,57.84,43.52,38.89,53.85,66.46,52.48,70.37
Knoxville,48.48,66.67,38.28,40.62,39.39,46.97,40.91,43.55,33.87,54.84,50.76,43.18,38.33
Essen,50.68,76.64,48.76,43.95,34.33,42.03,46.83,46.74,31.25,61.46,58.37,44.91,42.71
Genoa,44.14,65.18,42.38,37.38,33.04,44.77,37.38,34.04,26.06,50.0,50.38,30.88,64.13
Bakersfield,68.0,69.44,59.26,41.67,55.77,65.74,44.44,46.15,42.31,83.65,70.37,53.7,42.31
Malaga,22.89,40.33,27.62,25.94,21.88,34.04,20.86,22.18,13.03,34.29,34.04,20.81,43.66
Tomsk,42.86,50.0,30.17,33.62,29.46,46.55,43.1,43.97,25.0,54.46,49.11,29.46,77.68
Kingston-Upon-Hull,59.07,63.91,52.73,50.75,48.12,55.5,53.39,58.78,35.71,64.19,62.6,51.41,33.09
Baton-Rouge,77.68,75.0,59.48,62.07,57.14,75.89,60.34,57.14,46.3,78.7,68.75,70.54,75.89
Pereira,35.87,34.78,27.17,36.96,23.86,38.04,23.91,20.45,16.67,45.45,38.04,41.3,57.95
Bacolod,49.62,53.19,61.71,52.55,45.81,54.02,42.99,42.74,32.81,54.69,61.05,52.47,67.97
Columbia,56.73,69.44,47.12,45.19,42.31,53.0,47.12,39.0,44.0,59.0,54.0,51.92,55.0
Dresden,27.1,61.48,24.43,23.5,29.41,23.96,34.69,32.73,33.33,33.64,34.24,23.53,23.58
Leipzig,45.85,72.19,40.49,38.71,27.55,36.48,41.39,47.64,36.32,53.77,60.14,33.35,19.91
Poznan,26.18,42.54,22.4,24.44,32.57,32.16,27.66,30.12,34.04,25.9,40.24,17.83,46.39
Antwerp,39.91,57.83,36.45,33.15,25.56,43.56,36.2,36.34,26.29,54.34,45.52,28.31,27.11
Ensenada,34.62,56.41,32.5,35.0,39.38,43.12,29.49,24.31,15.0,40.97,45.62,35.26,48.61
Lyon,51.68,68.19,45.1,49.28,38.4,53.16,47.29,56.03,37.17,53.6,55.5,40.36,28.15
Nuremberg,29.59,62.13,29.13,26.73,17.8,23.27,31.82,35.25,26.59,45.63,40.45,25.6,23.73
Surrey,72.14,69.69,57.05,57.23,57.58,67.59,56.53,60.69,45.86,81.74,70.22,61.92,51.45
Leicester,48.9,60.88,44.97,42.53,32.47,38.15,43.83,47.09,24.42,55.95,48.38,36.45,30.23
Jammu,36.74,55.49,41.74,30.49,39.99,32.99,34.24,34.72,34.72,48.61,40.49,32.99,76.39
Mazatlan,55.56,55.77,50.0,41.67,51.92,54.63,42.59,34.0,28.0,49.0,61.54,48.15,77.0
Niteroi,82.35,88.71,42.74,79.03,72.58,56.45,45.97,25.86,14.66,67.24,68.55,84.68,86.21
Johor-Bahru,60.38,56.04,59.74,57.8,61.57,63.25,48.83,41.25,36.5,47.98,62.17,55.8,66.49
Kota-Bharu,50.0,44.44,66.67,66.67,69.44,80.56,50.0,44.44,36.11,83.33,58.33,55.56,36.11
Edinburgh,29.79,48.69,28.14,23.29,20.64,26.61,27.49,34.97,17.08,47.83,42.5,27.88,23.48
Belgaum,55.56,72.22,58.33,52.5,58.33,58.33,44.44,42.5,37.5,36.11,50.0,44.44,75.0
Greenville,41.96,50.0,34.82,27.68,21.43,40.74,25.89,28.85,19.23,58.65,51.92,49.11,41.35
Wichita,60.29,72.14,48.57,41.43,42.14,59.09,38.57,41.91,30.88,65.44,59.29,57.14,47.79
Florianopolis,61.47,79.41,47.09,56.4,51.47,60.71,42.06,32.41,17.9,57.5,57.94,58.14,68.44
Kaliningrad,31.58,47.37,25.0,26.97,26.97,31.58,32.89,29.73,15.79,34.21,34.87,19.08,63.82
San-Juan,81.35,77.98,64.38,72.51,66.26,74.65,61.98,45.0,22.77,81.25,75.31,77.81,84.33
Des-Moines,44.44,70.27,41.22,36.49,33.11,53.38,32.64,34.29,17.14,52.86,54.05,41.22,40.0
Celaya,95.0,93.75,79.38,88.75,78.75,81.25,71.88,61.54,50.0,80.77,88.75,90.0,89.74
Strasbourg,25.87,64.74,23.76,31.59,19.6,25.85,28.62,35.71,24.26,46.43,43.21,25.85,16.43
Gdansk,26.81,42.59,25.47,29.55,26.56,30.84,32.99,34.09,32.87,28.93,42.59,22.78,45.98
Long-Beach,62.12,61.36,50.78,56.25,55.47,65.62,54.69,58.06,37.9,70.97,68.75,57.03,47.58
Sfax,39.36,42.17,38.01,39.05,38.01,39.05,28.63,32.95,20.45,31.82,31.76,28.63,51.14
Iloilo,43.07,40.29,48.07,45.65,41.22,43.27,42.3,39.01,31.67,51.06,50.09,46.09,48.95
Kota-Kinabalu,54.74,66.15,59.76,52.2,50.45,58.59,48.71,35.71,19.64,58.33,62.66,42.73,73.17
Madison,36.51,65.77,30.77,26.98,26.15,36.11,28.46,29.66,20.83,42.08,42.69,33.85,21.67
Reno,52.98,64.02,42.5,37.5,42.07,54.37,34.76,44.08,21.71,54.61,53.66,40.85,36.49
Little-Rock,70.12,72.02,52.98,50.6,45.83,64.63,48.21,51.83,43.12,71.88,71.34,62.82,48.21
Zurich,10.13,49.15,15.45,9.81,8.51,13.96,14.47,17.18,12.21,30.05,23.92,10.81,13.98
Santos,64.39,65.15,37.12,64.39,46.21,53.79,49.24,37.1,12.9,54.84,56.06,65.91,68.55
Yogyakarta,38.18,55.19,40.95,46.04,40.71,40.95,37.51,38.16,21.71,32.24,43.0,36.9,71.62
Oakland,74.7,56.4,63.25,66.27,58.95,73.46,55.56,57.5,38.92,75.0,76.22,69.58,47.47
Sevastopol,28.85,46.15,23.08,36.54,30.77,50.0,38.46,32.69,21.15,40.38,50.0,28.85,50.0
Agadir,35.78,57.78,28.64,44.02,23.83,40.17,34.4,25.0,10.42,32.95,37.78,35.78,74.0
Durham,67.05,60.23,56.52,57.61,33.7,59.78,51.09,60.23,40.91,64.77,60.87,64.13,43.18
Laval,54.42,66.41,48.23,47.47,49.73,55.04,42.17,49.22,39.84,70.31,53.64,48.23,75.78
Chattanooga,60.0,73.28,53.33,49.17,43.33,56.67,52.5,48.28,48.28,57.76,64.17,57.5,56.25
Spokane,61.22,81.0,59.0,39.5,50.0,71.43,40.31,54.79,26.06,76.06,74.49,48.47,37.77
Murcia,28.32,68.38,31.77,29.99,23.74,31.77,23.74,21.3,18.52,43.52,38.92,21.06,58.33
Szczecin,27.86,33.34,24.22,18.86,30.9,43.1,26.6,28.05,27.5,28.05,41.48,17.67,33.54
Eindhoven,21.73,56.59,33.13,16.9,17.12,25.99,18.85,24.32,15.75,30.07,34.76,18.85,11.99
Stockton,87.0,77.0,79.0,79.0,79.0,82.61,78.12,75.0,66.3,82.61,84.38,81.25,56.82
Nha-Trang,55.0,50.0,35.0,45.0,35.0,35.0,40.0,40.0,35.0,60.0,35.0,30.0,60.0
Bologna,46.82,70.15,47.39,46.0,30.95,43.37,41.36,41.67,16.46,59.34,61.15,36.91,50.6
Caxias-Do-Sul,74.07,77.78,58.33,66.67,63.89,70.37,50.0,34.0,22.0,58.0,70.37,75.93,60.0
Boise,34.45,66.16,36.89,31.17,31.17,45.62,29.94,30.67,27.0,48.03,44.14,35.8,37.17
Plovdiv,32.15,43.56,31.98,20.15,21.52,36.18,27.1,33.12,23.17,34.62,45.9,19.17,76.83
Florence,35.45,63.87,40.74,38.7,27.34,43.63,33.02,29.62,22.27,48.85,46.28,29.23,49.23
Las-Palmas,19.99,52.8,23.56,25.94,24.14,28.41,18.8,20.73,10.98,37.8,33.89,16.42,52.44
Modesto,69.57,79.35,66.3,54.35,68.48,75.0,58.7,46.59,31.82,85.23,79.55,64.13,52.27
Brno,17.53,45.77,18.88,22.6,21.54,35.34,21.72,24.07,18.89,33.7,41.93,16.04,52.91
Novi-Sad,40.66,62.37,30.3,31.96,31.63,45.41,35.35,34.31,28.39,51.56,44.95,33.84,79.17
Christchurch,43.25,62.83,42.51,27.6,31.65,41.17,35.46,36.76,25.0,51.96,54.94,41.57,25.76
Varna,31.53,38.31,32.28,27.1,29.69,36.59,27.96,25.45,12.5,42.86,39.6,22.79,64.29
Coventry,72.03,76.19,66.72,64.07,61.42,60.66,67.86,67.31,55.38,77.31,71.98,68.62,50.38
Bydgoszcz,25.78,37.7,27.92,22.48,27.92,39.87,21.39,47.62,26.14,23.86,44.22,8.35,29.55
Bilbao,50.29,71.36,47.0,51.18,43.43,48.45,50.58,48.73,41.46,56.09,52.11,47.89,57.59
Haarlem,17.72,52.16,28.66,15.87,16.68,24.75,19.28,25.0,14.52,29.84,33.35,18.5,16.94
Simferopol,30.0,50.0,35.0,30.0,45.0,55.0,35.0,30.0,25.0,30.0,45.0,30.0,65.0
Greensboro,53.57,66.67,38.54,35.87,22.92,47.83,32.29,36.36,17.05,50.0,44.79,42.71,22.62
East-London,80.81,85.71,77.91,76.79,62.79,74.42,74.42,67.76,58.13,72.5,79.76,77.33,76.88
Corpus-Christi,54.46,54.46,50.89,44.64,45.54,58.93,42.86,45.83,30.0,62.0,58.04,51.79,46.43
Lublin,28.74,47.82,28.84,32.22,34.25,41.92,37.97,34.03,40.97,30.56,53.08,27.49,38.19
Randburg,77.08,75.0,79.0,79.0,76.04,76.0,81.0,62.5,58.7,59.78,70.0,80.0,73.86
Reading,51.73,69.29,44.29,46.09,43.67,44.47,43.46,53.33,28.45,66.38,47.62,40.44,20.83
Belfast,46.89,46.01,37.98,31.98,37.29,41.34,41.11,43.99,42.96,56.9,51.76,40.41,32.21
Alicante,24.64,53.15,26.37,25.07,20.76,34.62,21.19,23.18,14.55,37.73,35.34,21.13,50.46
Vina-Del-Mar,35.86,56.02,40.7,37.47,37.05,43.12,24.55,15.52,10.34,38.79,42.05,33.44,23.28
Cuenca,41.18,49.05,39.99,43.88,29.76,42.72,32.86,23.05,13.28,40.83,52.71,36.36,54.03
Thessaloniki,50.86,74.03,55.08,50.02,42.25,53.56,44.21,45.23,35.65,57.92,57.47,42.4,70.37
Batangas,63.02,66.98,71.71,66.28,65.19,66.28,63.02,56.25,50.0,75.0,63.02,61.93,67.86
Bonn,39.41,65.61,39.87,37.6,27.18,34.3,42.14,44.81,34.62,47.06,45.14,37.6,27.88
Markham,19.63,59.25,25.93,18.98,16.4,23.14,19.89,18.44,11.48,24.17,27.51,21.55,16.53
Bari,52.89,47.01,56.43,48.44,57.63,59.33,43.03,51.15,28.79,50.76,61.68,46.65,68.94
Cluj-napoca,14.44,39.61,16.89,16.59,10.58,25.45,16.4,24.64,12.14,20.79,28.37,10.31,58.69
Malmo,60.08,68.69,46.28,54.18,44.04,52.41,53.9,52.01,50.05,57.68,57.37,56.65,38.13
Kuching,48.85,68.32,55.35,52.11,44.7,50.26,42.25,29.5,22.12,41.83,50.26,41.0,68.63
Ann-Arbor,18.27,54.0,23.0,20.0,15.0,27.0,22.92,21.59,7.61,29.35,29.17,22.0,11.96
Timisoara,16.85,38.18,25.19,19.99,16.03,32.94,18.94,24.48,13.54,23.7,28.86,13.42,62.89
Henderson,20.45,39.58,25.0,14.58,14.58,33.33,16.67,9.09,4.55,22.73,31.25,20.83,15.91
Huntsville,51.04,66.0,44.0,34.0,34.0,42.0,33.0,31.52,23.86,43.48,46.88,41.0,36.96
Lexington,53.26,81.52,41.3,40.22,33.7,56.52,42.39,42.05,43.18,64.77,55.43,53.26,44.32
Mobile,75.0,81.52,65.91,58.7,55.68,72.73,55.68,53.57,41.67,80.95,65.91,67.05,70.0
Karlsruhe,40.66,74.43,27.06,48.12,19.61,32.91,53.32,49.09,20.0,33.18,36.71,43.62,15.18
Catania,69.62,65.34,63.83,61.72,76.5,70.76,49.38,43.59,23.05,63.96,72.82,57.6,87.5
Port-Elizabeth,84.43,88.21,79.44,81.13,69.76,75.72,75.93,58.58,52.23,74.76,77.83,83.73,85.19
Asheville,40.62,67.31,32.69,27.88,23.08,47.12,27.88,40.22,12.5,64.58,53.85,36.54,39.58
Mannheim,42.23,59.62,31.36,37.88,17.23,37.88,37.88,36.9,20.45,54.55,43.32,35.06,18.18
Vaughan,42.03,69.32,55.83,40.33,41.78,46.49,37.43,33.85,29.55,52.99,51.93,38.52,42.28
Curepipe,35.71,57.14,39.29,32.14,17.86,37.5,39.29,42.86,21.43,62.5,57.14,39.29,75.0
Wollongong,50.78,63.06,44.66,41.45,36.61,44.66,48.93,54.92,35.61,63.81,58.23,43.23,41.42
Bialystok,25.81,35.85,19.6,23.35,13.35,17.1,23.35,27.63,33.33,22.37,34.6,18.67,30.26
Vigo,9.83,54.99,17.11,14.84,12.56,23.93,10.29,19.53,7.03,44.53,33.78,9.53,39.84
Valparaiso,71.67,73.17,64.3,70.61,57.53,67.34,63.11,45.69,30.17,66.67,75.61,65.91,53.45
Bali,48.62,62.45,49.95,47.25,35.28,45.16,42.18,46.21,39.49,59.78,47.9,42.76,73.55
Cagliari,36.29,64.99,36.07,29.29,34.79,42.29,29.89,29.59,13.02,47.96,51.29,28.29,55.21
Iasi,24.36,37.17,22.57,28.62,17.41,38.09,26.26,30.0,17.58,23.03,38.76,15.89,74.17
Brasov,19.91,38.28,26.97,22.86,15.1,34.52,21.9,29.33,13.16,22.67,31.11,15.92,63.49
Graz,18.83,57.44,21.31,22.68,10.18,18.35,21.78,35.0,22.55,45.5,34.22,19.52,31.5
Kaunas,39.44,36.03,28.79,34.59,30.21,46.61,40.45,37.0,33.25,31.89,47.03,29.5,62.63
Ostrava,31.62,30.73,23.58,28.16,36.08,48.53,29.83,27.78,21.3,31.73,43.9,18.9,35.0
Plano,22.58,53.12,32.81,20.16,20.31,35.16,21.09,22.5,20.83,31.67,32.03,21.09,22.41
Irvine,17.41,56.78,19.92,17.8,19.92,26.29,17.67,16.2,12.74,22.27,24.58,19.07,23.18
Constanta,30.02,49.67,26.95,32.64,19.57,47.35,33.98,39.88,13.41,25.61,38.63,25.84,78.05
Haifa,23.88,53.13,30.11,16.34,24.34,33.15,20.5,28.92,21.08,34.8,35.6,19.64,42.31
Newark,81.48,63.39,63.39,76.79,70.54,71.43,71.43,73.15,50.93,86.11,77.68,78.57,58.65
Wiesbaden,53.08,73.46,45.12,48.53,32.62,42.85,49.67,48.75,38.75,46.25,49.67,43.99,27.5
Katowice,43.44,48.37,36.04,38.34,38.51,47.6,44.5,45.29,44.93,40.94,55.06,30.06,50.0
Aomori,0.0,33.33,8.33,0.0,0.0,0.0,0.0,0.0,0.0,8.33,8.33,0.0,8.33
Savannah,66.94,70.16,56.67,60.48,45.83,62.9,53.23,52.5,48.33,65.52,62.5,65.32,53.45
Gatineau,33.33,64.5,33.94,23.71,31.17,49.67,26.54,25.0,19.23,50.96,44.13,26.54,45.19
Windsor,40.85,62.23,40.6,35.21,26.34,44.8,32.39,31.25,21.31,71.31,50.13,36.2,37.71
Myrtle-Beach,75.0,75.0,48.96,48.0,47.0,71.0,51.04,51.04,33.33,78.12,75.0,64.0,43.75
Derby,49.35,52.54,40.74,43.67,31.36,46.09,46.99,50.81,26.67,65.62,57.15,42.05,22.5
Eugene,51.0,70.0,46.0,32.29,35.0,57.0,35.42,43.18,21.74,65.22,59.0,35.0,30.21
Craiova,46.88,63.83,46.88,51.98,28.0,50.98,47.39,54.26,6.38,45.11,50.46,30.67,84.57
Plymouth,41.2,67.09,33.17,32.02,19.77,31.38,37.2,48.15,22.32,59.82,46.56,30.49,12.5
Espoo,8.18,50.9,11.83,9.8,7.93,17.05,11.83,18.55,11.29,22.58,22.77,6.36,3.91
Gent,26.54,61.44,27.62,22.06,13.3,28.08,22.47,23.86,12.69,32.2,37.91,16.96,21.59
Geelong,53.44,61.81,42.73,32.73,34.21,42.73,43.98,52.03,25.68,68.24,55.5,41.26,34.87
Bordeaux,46.26,73.34,43.39,46.6,33.41,47.58,47.26,57.75,29.23,50.7,50.08,35.84,23.94
Venice,24.69,67.11,40.59,26.96,19.21,27.72,23.17,24.22,20.97,32.03,42.87,19.21,55.65
Wolverhampton,69.94,67.86,62.67,64.29,54.51,64.94,63.8,52.38,34.09,64.77,62.12,57.77,37.5
Bergen,23.2,61.9,23.53,22.08,14.23,25.57,27.6,25.9,17.77,49.38,35.74,22.66,21.95
Verona,29.11,63.28,43.99,24.7,13.99,33.99,21.85,15.91,25.76,52.94,44.38,18.99,50.0
Galati,37.43,40.69,33.09,39.61,28.74,43.96,35.26,48.81,15.91,34.09,38.52,20.04,71.59
Gdynia,21.54,32.68,19.68,20.68,29.68,31.68,22.68,23.96,20.83,21.88,35.68,17.68,34.38
Aachen,22.69,56.51,29.3,29.3,24.89,30.95,26.4,34.85,23.48,44.7,32.98,23.42,19.53
Anchorage,75.81,91.54,61.33,52.69,59.38,73.85,52.31,55.74,32.54,82.94,72.69,63.08,39.29
Saskatoon,56.0,66.97,42.68,40.54,35.18,57.8,42.07,42.63,31.58,59.18,60.05,52.43,32.05
Porto,32.61,55.22,30.72,38.71,31.71,49.5,29.58,26.11,12.44,44.27,44.79,30.29,57.06
Fremont,39.29,70.45,47.83,44.57,44.57,51.09,39.29,41.67,32.14,42.86,52.27,38.64,32.89
Hobart,26.8,56.27,30.84,27.04,25.69,35.29,30.08,39.44,20.77,41.9,41.23,30.76,32.61
Limassol,32.19,71.09,37.63,19.46,21.36,33.66,24.15,28.63,18.25,34.92,38.78,23.78,61.48
Kosice,23.0,49.58,21.54,28.36,19.27,33.16,25.33,25.78,28.91,27.34,40.48,18.51,69.53
Lille,53.17,67.77,48.8,47.08,46.65,56.99,50.09,60.09,39.47,66.67,65.61,42.77,26.79
Granada,19.59,54.78,22.59,27.59,25.59,34.59,22.59,26.04,17.71,36.46,39.59,24.59,55.21
Miri,42.23,60.81,53.86,39.97,42.75,48.31,30.25,29.41,17.65,36.76,53.86,38.58,70.59
York,30.96,57.38,31.57,18.67,17.62,19.29,21.89,28.33,13.33,38.79,34.29,24.31,12.5
Burnaby,40.78,67.99,38.12,30.14,38.94,50.37,33.51,35.0,25.0,53.89,44.38,34.6,28.89
Milton-Keynes,55.03,62.11,54.6,45.44,41.51,46.83,47.53,46.21,27.27,70.16,55.03,48.92,34.09
Freiburg-Im-Breisgau,27.4,65.24,22.76,25.36,8.89,14.51,37.6,44.39,29.59,50.54,31.62,27.85,12.5
Burgas,38.21,51.06,32.68,30.47,39.29,48.85,29.73,37.12,18.75,48.48,46.14,19.44,73.48
Puerto-Vallarta,37.27,60.0,38.48,34.05,28.54,35.62,24.35,19.37,11.7,36.49,44.35,33.84,63.99
Tampere,19.68,65.04,17.23,18.11,12.63,19.33,23.79,25.0,12.27,30.0,27.76,13.72,15.45
Sandton,75.78,75.76,67.42,69.53,64.39,70.45,63.64,49.19,47.58,61.67,62.88,74.24,87.1
Groningen,17.57,55.17,22.97,15.95,8.49,16.53,20.25,17.73,15.0,43.98,30.86,15.34,13.64
Concepcion,47.42,66.01,55.14,50.8,52.97,56.51,37.2,29.55,26.14,57.14,59.49,52.97,57.95
Netanya,60.74,63.53,69.0,48.69,67.44,72.12,53.48,56.45,36.67,57.26,63.16,50.25,51.67
Aberdeen,35.27,53.9,33.44,31.83,29.21,35.72,34.44,35.77,22.31,55.38,46.75,32.31,24.22
Luton,59.95,67.09,51.02,42.99,38.52,44.77,45.67,45.37,30.56,65.74,56.38,51.02,34.0
Tacoma,61.11,63.97,50.69,40.71,44.44,74.31,41.43,43.94,24.26,66.67,62.86,50.0,28.03
Norwich,23.22,56.33,20.54,20.43,14.86,22.18,26.79,38.75,17.26,43.6,30.2,19.97,13.95
San-Bernardino,84.82,75.89,75.89,69.44,75.0,79.46,74.11,72.22,50.0,87.04,86.61,79.46,57.69
Regina,62.98,58.76,50.98,48.37,48.69,61.83,49.67,44.52,31.16,65.88,65.78,53.56,28.47
Geneva,26.15,54.77,33.45,21.78,17.28,28.81,22.21,21.04,17.65,43.39,36.14,19.52,25.0
Padova,42.55,57.16,37.25,36.49,29.82,43.1,39.52,42.74,29.03,58.33,50.91,33.73,48.33
Ploiesti,34.32,47.93,28.58,37.87,22.93,39.06,34.23,46.67,20.83,30.83,44.53,17.03,74.17
Cork,35.06,66.39,31.57,25.94,25.17,32.26,32.01,36.99,18.6,52.2,41.45,30.6,29.71
Fargo,45.31,79.69,34.38,37.5,34.38,50.0,43.75,44.64,21.67,63.33,53.12,50.0,45.0
Linz,17.75,53.82,21.32,17.15,11.32,17.99,19.65,24.14,19.83,27.59,26.32,13.82,16.38
Trieste,17.45,52.15,22.06,17.02,11.74,14.24,16.32,16.67,12.07,25.88,27.61,12.78,27.19
Zanzibar,53.66,65.33,58.66,53.66,43.66,58.66,46.99,50.0,41.07,57.14,55.33,52.13,78.57
Amarillo,24.11,19.49,26.79,21.43,23.21,28.57,21.55,14.84,13.39,25.96,30.36,29.46,25.0
Debrecen,19.94,48.07,24.07,17.86,18.9,28.28,22.03,20.65,18.48,26.09,29.32,24.07,40.22
Croydon,63.34,62.25,48.68,57.96,42.96,51.58,53.68,61.03,35.29,67.65,54.39,52.25,35.16
Gurgaon,66.93,64.67,49.99,55.79,53.09,56.34,56.54,53.28,30.53,43.91,58.99,58.06,76.68
Liege,52.78,62.78,36.81,45.55,35.49,54.88,44.98,45.59,29.59,59.8,55.56,39.57,39.58
Oulu,34.45,69.47,34.39,35.2,31.68,35.6,36.19,44.58,27.5,49.17,51.33,31.97,25.0
Banja-Luka,32.94,56.92,29.17,25.38,28.46,31.15,28.41,27.31,25.38,39.62,43.08,31.44,82.31
Almeria,56.25,79.17,52.08,56.25,50.0,52.08,45.83,52.08,40.91,60.42,62.5,52.08,70.83
Brescia,48.73,71.65,52.14,42.68,35.93,45.95,38.63,36.36,27.14,62.86,58.69,40.4,58.09
Oradea,12.77,35.9,22.22,19.02,10.63,24.02,15.51,25.62,16.25,26.88,27.15,8.8,55.92
Parma,25.5,48.82,29.65,23.82,22.15,31.32,26.32,25.89,38.79,57.76,29.65,17.99,32.76
Oakville,21.18,65.77,33.67,22.29,24.06,25.48,19.04,19.49,18.75,31.52,32.61,21.59,18.48
Swindon,51.53,70.24,42.46,41.07,37.6,45.93,45.93,52.14,34.29,69.29,59.13,44.39,34.29
Turku,21.34,59.71,18.22,25.09,12.91,25.1,24.47,25.64,17.31,43.59,37.59,26.34,15.79
Bournemouth,41.76,67.4,35.35,36.63,23.81,34.71,44.97,39.74,27.56,62.82,50.09,34.31,25.0
Modena,49.26,81.4,52.83,47.47,27.83,43.01,43.9,36.54,28.0,55.77,52.01,34.97,52.88
Basel,17.0,49.64,19.85,16.05,9.91,16.88,19.85,22.14,16.55,34.93,25.32,14.37,11.97
Rzeszow,13.28,35.52,13.79,18.96,14.87,20.31,20.31,20.45,29.55,18.18,33.35,9.44,33.33
Trondheim,15.95,54.4,17.34,14.4,13.08,19.63,19.33,15.94,13.44,33.64,25.88,13.68,14.38
Nis,26.56,47.5,21.67,16.67,23.33,29.17,23.33,36.21,13.79,37.93,35.83,24.19,68.97
Burlington,40.62,67.19,39.06,29.69,17.19,40.62,31.67,33.33,10.71,50.0,42.19,35.94,25.0
Spartanburg,72.92,75.0,59.38,58.33,40.62,71.88,43.75,50.0,31.25,86.11,78.12,75.0,43.75
Braga,26.07,54.73,23.07,29.02,36.76,45.69,29.73,26.32,16.67,39.74,38.55,26.64,41.03
Fort-Lauderdale,59.66,70.35,50.57,39.2,41.86,55.23,38.95,40.12,36.63,66.07,56.98,57.56,52.38
Townsville,63.58,72.67,56.95,46.44,55.83,55.19,46.59,50.41,38.84,61.95,63.42,49.88,32.22
Ipswich,44.77,61.74,41.2,38.52,23.34,30.49,36.25,40.0,35.19,48.15,38.6,32.27,23.15
Split,31.19,63.0,23.74,23.99,22.47,31.63,27.53,29.47,29.64,47.66,37.88,28.03,78.91
Middlesbrough,51.79,50.96,40.64,36.79,30.12,33.46,40.96,45.69,22.41,62.5,55.12,39.29,21.55
Leon,79.73,90.54,64.58,77.7,58.11,80.41,53.38,36.76,18.57,72.86,76.35,72.3,75.0
Barrie,38.82,68.08,34.55,32.72,22.91,44.3,32.91,41.25,20.62,59.87,46.13,33.94,30.63
Guanajuato,58.85,79.17,56.12,57.14,47.96,56.38,45.31,26.7,18.75,45.0,61.73,55.61,63.89
Uppsala,45.19,63.21,33.96,32.55,28.37,31.37,35.85,38.24,30.39,45.59,48.08,37.98,22.5
Perugia,51.22,66.51,46.32,37.66,31.89,41.51,34.78,36.36,25.0,71.88,47.17,35.74,44.79
Oshawa,57.58,73.28,43.13,49.0,36.69,56.94,49.38,50.0,26.15,76.95,62.06,54.22,36.92
Klaipeda,39.35,45.47,34.96,37.56,32.72,39.86,39.35,33.89,32.22,36.67,43.43,29.14,52.84
Bayamon,88.94,79.06,76.15,78.47,74.39,79.64,68.44,51.83,26.19,85.12,84.29,84.87,85.98
Slough,67.96,70.49,56.68,64.29,55.5,60.91,62.94,58.57,52.86,80.71,70.93,61.21,46.32
Odense,19.09,44.29,20.12,21.79,12.2,18.23,21.56,29.63,14.29,28.57,28.57,19.09,10.19
Mostar,38.64,54.55,32.61,29.35,48.91,50.0,30.43,34.78,52.17,53.26,52.17,45.65,85.87
Benoni,87.5,87.88,81.82,87.88,81.82,84.09,85.48,67.97,71.09,71.67,82.03,85.61,85.48
Heidelberg,15.29,57.84,24.28,17.59,10.16,16.78,21.86,21.88,14.37,25.0,27.35,13.94,13.12
Szeged,20.91,47.74,19.08,23.96,18.47,27.68,19.69,28.29,30.77,26.92,33.11,15.42,45.51
Sherbrooke,16.98,47.83,17.94,16.35,17.28,21.91,16.35,19.23,18.27,35.58,32.36,19.86,27.88
Arad,19.21,39.44,20.44,21.44,12.96,32.44,21.44,43.75,11.46,25.0,32.44,11.44,66.67
George,53.41,89.13,57.61,55.43,40.91,51.19,57.95,38.64,44.32,72.73,51.09,50.0,56.82
Oxford,38.22,58.22,36.97,34.07,20.61,33.84,32.59,36.54,23.08,51.92,43.84,29.47,25.66
Batumi,13.26,35.5,22.54,16.07,6.92,11.98,16.8,12.1,9.38,16.67,17.62,11.25,25.81
Frederick,55.0,83.33,42.86,35.71,32.14,50.0,35.71,32.14,25.0,42.86,46.43,35.71,32.14
Salzburg,11.71,52.02,15.79,16.32,9.65,13.82,16.32,26.72,26.67,26.72,27.15,17.41,28.45
Odessa,75.0,100.0,50.0,75.0,75.0,83.33,58.33,66.67,41.67,100.0,58.33,50.0,87.5
Midland,6.25,50.0,12.5,0.0,0.0,12.5,0.0,0.0,12.5,0.0,12.5,0.0,50.0
Cairns,61.65,76.75,58.27,54.38,55.57,56.05,59.96,63.01,48.21,62.5,65.97,53.71,55.3
Foggia,79.98,81.07,67.28,73.53,79.78,78.73,55.82,65.22,43.48,76.09,84.98,78.73,84.78
Siem-Reap,40.67,52.44,46.75,37.03,25.97,28.91,28.69,25.0,17.65,44.12,36.26,28.69,70.59
Willemstad,75.96,88.46,61.54,62.0,45.19,69.23,55.77,42.39,32.61,61.46,72.0,72.0,62.5
Dundee,48.12,69.47,35.72,30.09,30.22,43.68,36.34,51.28,25.66,75.0,58.43,39.2,38.82
Sibiu,20.61,45.61,21.58,24.44,21.44,32.44,25.42,34.0,16.0,25.0,31.19,19.65,71.0
David,42.86,50.0,39.29,29.17,17.86,54.17,25.0,7.14,21.43,32.14,32.14,32.14,60.71
Marbella,37.57,57.78,39.52,33.27,34.53,47.33,35.29,35.94,25.78,55.65,43.43,30.31,54.17
Coimbra,15.12,60.13,18.81,18.15,15.26,29.33,11.21,12.16,4.73,27.7,26.04,12.89,30.41
Blackpool,63.85,74.23,49.26,55.75,45.1,52.39,65.54,75.0,43.18,88.1,69.05,56.55,28.41
Lausanne,30.17,59.69,32.83,29.15,16.65,27.73,27.34,34.34,19.51,51.83,35.87,20.22,20.12
Kelowna,57.42,74.99,51.49,37.37,42.42,61.36,38.26,47.31,23.67,77.08,68.43,45.74,33.24
Abbotsford,62.28,79.27,53.06,45.29,54.27,67.09,45.93,41.89,25.0,82.89,69.01,53.06,43.75
Carolina,76.81,69.18,67.55,74.03,69.4,77.73,62.45,58.0,23.0,83.0,74.03,78.66,77.0
Coquitlam,16.51,51.66,26.21,12.57,18.48,39.84,17.57,25.93,9.91,42.45,32.12,16.66,17.13
Grand-Junction,52.5,81.82,36.36,27.27,27.27,38.64,27.27,27.27,18.18,61.36,47.73,43.18,25.0
Darwin,64.17,70.56,56.92,41.25,52.17,55.58,53.42,63.44,42.47,59.78,69.75,53.68,43.01
Jyvaskyla,18.88,56.16,15.64,19.95,13.06,19.09,19.95,20.54,16.07,39.29,35.84,20.82,15.18
Toowoomba,44.3,71.45,47.94,38.05,45.86,43.64,44.3,43.89,31.82,66.11,56.94,44.82,35.23
Chiang-Mai,18.19,53.91,25.23,16.65,18.93,20.95,14.79,13.8,10.57,31.96,24.01,21.8,68.88
Brighton,40.1,68.52,32.66,33.43,23.12,30.84,36.94,42.81,14.04,66.22,44.76,33.1,20.07
Tauranga,41.67,57.14,45.19,35.58,35.58,35.58,37.5,47.12,36.54,49.04,47.12,40.38,39.42
Innsbruck,15.79,64.52,19.38,17.11,16.86,21.55,23.17,20.31,14.84,39.84,28.47,18.63,20.69
Papeete,30.56,35.0,25.0,30.0,25.0,32.5,27.5,27.5,17.5,32.5,32.5,20.0,22.5
Stavanger,19.14,49.42,23.18,20.26,14.43,22.3,21.1,21.12,13.16,38.79,29.01,19.01,17.67
Guelph,24.29,59.72,32.34,23.02,24.3,38.69,26.8,33.19,13.6,57.76,43.05,24.72,21.98
Rijeka,16.67,43.0,23.67,17.33,12.5,23.31,17.0,22.18,15.14,31.94,31.33,16.67,63.73
Bellingham,35.58,64.0,29.63,22.22,19.23,48.08,25.93,30.0,11.46,52.0,46.3,25.96,20.0
Udon-Thani,12.5,41.67,12.5,16.67,8.33,12.5,16.67,8.33,4.17,33.33,20.83,16.67,45.83
Vasteras,46.74,79.35,36.96,41.3,35.87,40.22,41.3,38.64,34.09,54.55,52.17,46.74,26.14
Cambridge,24.67,54.59,27.81,24.22,21.43,26.06,20.59,30.29,17.45,41.04,36.95,20.04,17.45
Orebro,58.09,75.71,42.14,51.43,40.0,48.57,54.29,47.73,41.67,57.58,59.29,46.43,41.67
Exeter,36.63,62.6,24.44,24.45,19.97,27.73,33.43,41.22,23.65,50.68,43.52,25.75,22.79
Aalborg,23.34,54.22,23.07,19.62,20.12,23.43,23.87,25.0,20.69,33.62,31.27,21.37,26.25
Dunedin,17.87,43.46,19.85,12.21,13.6,19.55,13.6,16.43,5.15,27.94,26.1,16.85,11.36
Maastricht,16.11,53.9,22.24,13.07,9.74,17.24,16.4,23.28,6.9,42.86,34.74,12.66,6.25
Baia-Mare,36.35,62.43,34.17,36.86,27.65,41.78,36.35,46.43,21.59,47.0,46.13,29.83,81.82
San-Pedro-Garza-Garcia,16.38,37.93,12.07,23.28,12.93,23.28,16.38,6.73,10.58,21.0,19.64,22.32,27.88
Alberton,80.98,84.04,82.45,80.98,79.35,78.19,75.0,69.02,70.65,80.98,76.6,82.45,86.41
Bergamo,32.15,55.68,49.64,24.64,28.09,39.3,23.78,19.64,14.29,48.21,47.92,21.19,41.96
Berkeley,66.67,73.15,63.89,62.96,51.85,78.7,61.11,75.0,36.54,75.96,72.22,62.04,35.58
Billings,46.15,58.93,44.64,35.71,44.64,53.57,50.0,46.15,30.77,63.46,58.93,48.21,40.91
Ajax,53.91,80.03,40.45,42.9,32.11,48.26,42.01,38.3,21.28,59.78,53.54,48.78,27.13
Lahti,55.15,71.15,46.15,52.15,46.15,46.15,49.15,50.0,50.0,67.71,63.15,50.15,43.75
Trento,23.59,70.59,30.59,28.59,15.59,20.59,27.69,22.83,16.67,55.21,35.59,18.32,25.0
Linkoping,47.14,72.79,42.86,41.43,33.09,43.38,47.06,45.59,33.82,42.65,56.62,45.59,21.21
Langley,57.09,79.31,48.76,38.98,37.65,52.46,40.77,50.93,33.93,76.92,68.67,42.55,37.04
Ponce,83.31,87.98,69.98,79.98,68.98,84.98,61.98,66.67,23.96,89.58,74.98,81.98,86.46
Khon-Kaen,20.83,56.25,18.75,21.88,18.75,28.12,15.62,37.5,31.25,40.62,25.0,21.88,62.5
Helsingborg,60.0,77.22,47.78,60.0,44.32,50.56,61.67,48.17,39.63,57.93,59.66,58.72,32.32
Maribor,11.55,44.88,18.41,7.94,12.53,19.28,14.78,14.8,10.71,26.53,25.77,14.49,57.14
Colchester,52.71,69.95,44.95,36.33,33.75,45.67,43.23,49.11,37.5,58.93,52.71,42.37,30.36
Vicenza,33.94,72.59,46.59,29.78,25.59,43.59,30.59,19.79,17.39,62.5,47.48,21.59,40.62
West-Palm-Beach,65.0,80.56,56.48,50.96,41.67,50.0,45.37,53.85,34.62,69.23,63.89,57.41,50.96
Funchal,6.99,54.57,14.99,10.1,6.3,19.88,5.1,8.15,2.17,30.56,22.6,5.75,36.11
Waterloo,25.98,55.46,27.14,26.36,18.57,30.87,23.49,27.12,17.37,35.0,33.19,25.13,19.07
Montego-Bay,80.68,90.48,76.09,78.41,71.59,75.0,77.38,63.16,42.5,65.0,77.38,84.09,89.29
Moncton,51.48,71.63,42.38,32.03,28.15,51.0,36.34,36.36,18.18,64.73,50.57,40.05,35.65
Barletta,56.25,75.0,75.0,56.25,81.25,81.25,43.75,31.25,0.0,43.75,68.75,37.5,56.25
Siauliai,39.74,40.83,44.09,40.83,38.65,35.39,38.65,36.9,27.38,38.1,38.65,37.57,58.33
Thunder-Bay,74.55,75.87,50.87,56.79,41.66,66.0,58.76,60.42,43.75,79.17,71.26,68.63,51.43
Ballarat,58.83,61.13,52.16,45.11,54.19,62.08,53.53,54.73,40.28,68.92,64.98,45.75,45.27
Subotica,52.0,65.62,58.0,59.0,47.0,57.0,56.0,56.52,57.29,51.04,66.3,52.0,84.78
Osijek,5.0,34.76,14.37,8.54,7.32,10.98,14.63,14.02,12.2,18.13,21.95,7.93,68.29
Renton,35.71,71.43,28.57,8.33,32.14,46.43,25.0,33.33,12.5,46.43,39.29,28.57,28.57
Olomouc,4.24,36.94,8.09,10.01,13.86,27.32,11.94,18.0,14.58,24.0,28.28,9.05,36.0
San-Angelo,58.33,62.5,50.0,33.33,25.0,41.67,33.33,66.67,25.0,75.0,58.33,66.67,83.33
Idaho-Falls,28.12,56.25,31.25,25.0,25.0,46.88,31.25,31.25,14.29,46.88,40.62,37.5,18.75
Red-Deer,69.49,82.09,61.47,44.96,68.67,77.92,44.59,44.23,21.63,75.98,78.85,51.54,36.27
Kamloops,54.45,74.81,44.5,37.59,34.05,52.53,39.81,47.78,22.78,70.0,59.05,43.29,31.82
Bismarck,15.0,64.29,14.29,3.57,10.71,25.0,3.57,17.86,10.71,28.57,17.86,12.5,14.29
Orem,12.5,58.33,25.0,16.67,8.33,25.0,8.33,0.0,0.0,20.83,25.0,12.5,4.17
Tartu,15.73,35.47,22.74,15.23,18.71,23.14,21.98,25.0,23.68,24.56,27.98,17.22,28.95
Noumea,78.57,85.71,60.71,67.86,64.29,60.71,75.0,66.67,67.86,60.71,75.0,67.86,53.57
Pardubice,25.0,50.0,27.27,27.27,36.36,50.0,27.5,34.09,25.0,38.64,50.0,34.09,68.18
Bath,25.14,52.81,20.51,19.58,14.95,23.22,20.51,34.62,15.38,42.31,30.91,17.73,14.0
Umea,26.67,47.5,23.21,23.28,30.36,29.31,30.0,26.85,28.57,34.48,33.33,28.45,24.11
Como,19.64,57.14,33.93,23.21,12.5,30.36,19.64,16.07,14.29,41.07,37.5,16.07,44.64
Lucerne,14.18,57.43,17.89,20.82,11.89,16.35,17.25,16.67,15.74,36.11,29.75,14.57,14.42
Cabo-San-Lucas,51.56,70.59,50.0,42.65,40.44,47.79,39.71,30.47,17.74,57.03,54.41,50.74,64.06
Bitola,23.0,53.85,29.81,20.83,19.79,41.67,12.0,24.0,11.0,45.0,39.0,18.0,87.0
Phuket,46.16,63.18,50.97,46.16,35.52,46.16,34.12,27.78,21.95,58.89,48.82,43.5,80.0
Galway,25.68,53.63,27.42,20.34,18.41,28.3,25.39,31.33,13.25,41.87,36.15,21.03,27.19
Palmerston-North,50.52,66.59,46.95,32.95,42.49,48.74,38.92,39.81,24.07,58.33,57.67,43.38,32.41
Cheyenne,25.0,28.57,17.86,7.14,10.71,21.43,7.14,25.0,28.57,35.71,28.57,17.86,25.0
Aveiro,23.46,65.85,20.2,29.98,25.67,33.62,27.81,19.05,6.82,29.55,36.51,17.71,30.95
Zadar,30.0,59.17,25.0,20.0,20.83,29.17,27.5,35.34,34.17,50.86,35.0,28.33,76.67
Inverness,35.49,68.31,37.58,28.2,25.08,33.78,34.65,37.77,21.28,60.11,52.16,32.37,21.28
New-Westminster,33.88,61.38,28.88,24.72,27.22,44.72,32.22,31.03,11.61,50.0,41.38,24.72,17.86
Vaasa,20.15,61.61,21.15,19.15,19.15,24.11,23.07,23.96,23.0,32.0,28.15,17.86,15.62
Limerick,44.49,40.38,34.56,31.22,31.47,41.63,31.82,43.46,22.79,63.26,48.91,34.56,36.94
Belize-City,76.92,84.62,63.46,60.42,22.5,59.09,48.08,37.5,22.92,79.17,65.38,69.23,89.58
Ibiza,54.53,64.32,56.71,56.71,43.66,59.97,44.75,45.24,17.86,57.14,55.62,48.01,59.52
Whangarei,68.9,71.7,62.65,49.29,53.6,60.34,57.04,57.0,49.07,75.93,69.11,59.63,50.93
Larnaca,24.5,71.05,41.74,19.12,24.5,40.01,19.32,35.71,18.75,24.11,35.7,18.46,67.59
Waterford,46.18,57.91,42.09,41.06,27.65,43.34,42.28,46.71,24.34,56.58,51.43,44.72,42.76
Nelson,39.02,64.02,30.37,21.72,19.79,37.1,27.49,36.0,18.75,53.0,37.59,26.52,24.0
Panaji,38.89,61.11,47.22,22.22,28.12,25.0,36.11,33.33,36.11,27.78,38.89,27.78,72.22
Tromso,27.74,49.62,29.22,26.7,25.63,30.75,30.75,34.78,33.89,46.67,34.83,25.13,30.0
Paphos,26.22,72.77,40.55,22.69,20.01,29.83,10.19,17.31,12.04,27.78,36.08,20.01,55.56
Saint-Helier,20.31,68.75,9.38,9.38,7.81,21.88,15.62,35.94,20.31,45.31,29.69,17.19,29.69
Belleville,70.05,74.7,47.12,46.12,32.46,51.48,50.59,48.21,20.54,79.46,66.08,52.29,49.11
Aosta,12.5,50.0,41.67,8.33,16.67,25.0,8.33,8.33,8.33,16.67,25.0,16.67,66.67
Palm-Springs,29.55,60.87,42.39,26.09,28.26,34.09,28.26,20.24,11.9,42.86,47.83,32.61,32.14
Juneau,16.67,66.67,25.0,16.67,8.33,8.33,8.33,8.33,8.33,33.33,16.67,8.33,8.33
Aarau,35.0,50.0,37.5,16.67,12.5,16.67,20.83,25.0,20.83,37.5,33.33,16.67,25.0
Sudbury,62.36,83.46,51.43,45.18,39.32,65.34,50.65,54.84,26.59,87.7,71.74,48.3,54.44
Da-Nang,20.55,56.8,33.05,23.05,20.31,21.63,20.55,22.37,14.47,30.26,38.05,23.05,73.68
Launceston,46.76,60.15,46.76,37.83,46.76,46.64,45.86,43.27,33.65,55.77,54.04,38.72,36.54
Sliema,25.99,76.58,32.26,29.42,16.92,33.4,30.1,34.88,30.23,44.19,38.24,28.94,71.34
Bradford,71.43,70.54,69.07,69.39,67.77,72.32,67.77,71.18,60.56,81.6,74.91,67.45,70.45
San-Giljan,38.89,77.97,31.3,31.3,21.3,33.54,32.97,48.21,35.71,51.79,42.97,22.97,62.5
Da-Lat,33.33,60.0,41.67,37.5,41.67,45.83,33.33,33.33,8.33,25.0,29.17,20.83,45.83
Hargeysa,25.0,30.0,28.33,35.71,25.0,33.93,23.33,33.33,31.67,25.0,35.0,28.33,60.0
Udine,31.77,57.4,34.13,27.23,18.61,33.26,29.81,25.0,19.23,41.96,43.61,27.23,38.39
Brantford,64.58,75.4,51.63,46.21,50.74,60.12,48.95,52.83,32.41,80.45,64.58,53.87,40.91
Missoula,37.5,65.0,32.5,17.5,20.0,42.5,30.0,37.5,20.0,70.0,47.5,35.0,17.5
Lethbridge,69.26,81.83,61.69,54.22,49.36,70.51,51.98,58.08,38.67,82.42,68.03,57.21,37.31
Rapid-City,67.5,86.36,65.91,40.91,40.91,70.45,52.27,59.09,29.55,54.55,68.18,47.73,35.0
Drammen,23.69,53.48,19.78,25.25,18.22,25.25,23.69,20.97,22.58,35.83,26.06,19.0,17.74
Lawton,91.67,77.78,69.44,72.22,72.22,94.44,77.78,69.44,69.44,97.22,97.22,91.67,66.67
Nanaimo,56.91,77.96,44.41,30.91,33.14,55.26,34.18,38.37,16.47,76.16,65.9,40.21,31.76
Pisa,50.59,76.59,44.59,43.59,30.59,55.59,43.59,52.08,29.17,63.54,58.59,33.59,36.46
Treviso,22.59,56.59,40.59,11.59,11.59,31.59,17.59,15.62,12.5,35.42,39.59,16.59,34.38
Chilliwack,80.74,93.05,67.22,51.38,64.72,82.46,52.37,59.82,26.79,87.5,85.05,67.81,52.88
Peterborough,53.01,61.35,36.07,41.25,33.07,37.82,40.27,38.5,35.0,53.0,43.21,47.62,28.8
Mackay,57.37,73.49,54.97,38.3,46.51,53.12,43.86,51.0,39.42,74.04,58.67,45.71,39.0
Prince-George,73.32,78.5,67.07,53.32,52.18,67.07,54.57,63.16,46.05,88.16,77.07,64.57,43.42
Dothan,16.67,50.0,33.33,25.0,8.33,8.33,8.33,33.33,8.33,58.33,25.0,33.33,41.67
Sarnia,62.64,82.46,55.74,35.91,40.22,68.67,37.64,51.79,33.93,81.48,68.67,44.53,44.64
Bundaberg,34.44,55.09,40.29,30.92,27.79,34.04,35.09,39.13,16.3,59.78,49.67,28.84,36.36
Hanover,45.85,69.7,34.36,38.86,26.19,36.32,45.05,45.18,32.87,51.79,48.12,34.79,21.43
Casper,18.75,35.94,19.12,11.67,15.0,29.69,13.33,14.29,7.14,34.38,25.0,16.67,18.75
Alpharetta,4.55,45.45,15.91,0.0,0.0,12.5,0.0,2.27,0.0,22.73,13.64,6.82,9.09
Grand-Forks,16.67,58.33,29.17,12.5,12.5,54.17,16.67,12.5,4.17,41.67,37.5,25.0,12.5
Kristiansand,45.1,59.9,45.77,41.21,29.79,37.13,42.6,38.61,48.64,61.14,49.12,34.94,28.8
Lugano,11.87,42.87,14.96,11.39,7.98,18.39,14.75,20.21,16.67,34.38,24.65,14.96,14.06
Fairbanks,46.67,55.36,35.0,31.67,38.33,51.67,32.14,21.43,21.43,51.79,43.33,43.33,31.82
Grande-Prairie,72.56,81.66,67.35,60.66,70.48,76.66,54.66,57.29,32.29,79.17,77.66,61.66,45.83
Hua-Hin,36.91,58.07,36.91,31.84,32.77,37.4,32.11,35.58,29.81,45.19,43.88,36.47,69.23
Fredericton,29.88,66.38,27.14,22.31,11.82,41.66,19.89,24.11,14.66,50.0,40.55,28.05,22.41
Bozeman,8.33,50.0,21.88,12.5,18.75,28.12,15.62,25.0,6.25,53.12,21.88,21.88,18.75
Canterbury,32.32,62.67,30.85,29.71,24.03,27.44,28.58,40.48,25.0,54.76,46.76,27.44,12.5
New-Plymouth,46.88,70.83,33.33,26.04,38.54,41.67,25.0,32.29,17.71,58.33,42.71,40.62,21.88
Welland,55.04,78.54,51.66,37.91,37.29,60.04,42.73,38.46,24.36,80.13,66.04,44.79,40.54
North-Bay,64.35,80.32,53.24,48.33,36.51,64.04,46.29,56.62,31.62,81.25,68.51,56.01,54.41
Hilo,46.88,61.11,41.67,16.67,47.22,55.56,19.44,25.0,19.44,66.67,58.33,36.11,30.56
Haugesund,37.28,50.38,26.57,25.38,19.43,30.14,42.04,40.0,36.25,51.25,40.85,40.85,17.5
Eureka,75.0,80.0,80.0,50.0,70.0,85.0,45.0,70.0,35.0,90.0,90.0,70.0,60.0
Charlottetown,29.16,71.91,32.73,23.8,24.7,45.98,23.8,31.48,18.52,51.85,40.42,28.27,38.89
New-City,25.0,30.0,25.0,20.0,25.0,25.0,20.0,30.0,25.0,45.0,30.0,25.0,35.0
Northampton,52.33,65.15,37.12,49.11,33.15,52.24,45.15,55.21,20.65,78.12,61.15,46.15,30.21
Douglas,12.12,56.25,17.19,7.81,7.58,15.62,12.12,20.45,8.33,42.97,30.3,8.33,24.24
Marquette,6.25,50.0,6.25,0.0,0.0,18.75,6.25,6.25,0.0,31.25,31.25,12.5,12.5
Whitehorse,53.85,71.43,50.0,33.93,38.46,60.71,41.07,51.79,28.57,69.64,55.36,38.46,37.5
Fairfax,23.0,52.08,26.04,16.67,14.58,23.96,18.75,14.77,1.14,30.68,28.12,19.79,15.91
Yellowknife,61.39,67.97,50.87,48.14,31.13,62.71,58.76,70.83,34.72,77.78,64.02,53.5,34.72
Akureyri,18.18,54.55,27.27,22.5,20.0,31.82,22.5,22.73,17.5,42.5,36.36,22.5,20.45
Nuuk,30.56,55.0,15.0,17.5,12.5,22.5,27.5,27.78,27.5,32.5,35.0,22.5,22.5
Swansea,41.79,52.62,35.12,27.62,26.79,34.29,29.29,38.39,16.38,62.5,38.1,24.29,12.07
Malta,32.19,66.75,36.99,30.56,26.27,35.56,32.19,36.03,30.88,43.38,39.13,26.27,67.86
Torshavn,10.53,40.48,16.67,15.48,17.86,16.67,16.67,13.75,17.86,32.14,27.38,19.05,27.38
Hull,59.07,63.91,52.73,50.75,48.12,55.5,53.39,58.78,35.71,64.19,62.6,51.41,33.09
Grenada,6.25,43.75,28.12,10.71,12.5,21.43,3.12,6.25,0.0,25.0,25.0,25.0,6.25
San-Sebastian,6.96,17.96,11.57,8.94,7.62,9.6,8.28,8.78,6.76,9.46,12.21,10.25,15.54
